Ann Date,Ticker,event_id
2025-05-01,AAPL,AAPL | 2025-05-01
2025-01-30,AAPL,AAPL | 2025-01-30
2024-10-31,AAPL,AAPL | 2024-10-31
2024-08-01,AAPL,AAPL | 2024-08-01
2024-05-02,AAPL,AAPL | 2024-05-02
2024-02-01,AAPL,AAPL | 2024-02-01
2023-11-02,AAPL,AAPL | 2023-11-02
2023-08-03,AAPL,AAPL | 2023-08-03
2023-05-04,AAPL,AAPL | 2023-05-04
2023-02-02,AAPL,AAPL | 2023-02-02
2022-10-27,AAPL,AAPL | 2022-10-27
2022-07-28,AAPL,AAPL | 2022-07-28
2022-04-28,AAPL,AAPL | 2022-04-28
2022-01-27,AAPL,AAPL | 2022-01-27
2021-10-28,AAPL,AAPL | 2021-10-28
2021-07-27,AAPL,AAPL | 2021-07-27
2021-04-28,AAPL,AAPL | 2021-04-28
2021-01-27,AAPL,AAPL | 2021-01-27
2020-10-29,AAPL,AAPL | 2020-10-29
2020-07-30,AAPL,AAPL | 2020-07-30
2020-04-30,AAPL,AAPL | 2020-04-30
2020-01-28,AAPL,AAPL | 2020-01-28
2019-10-30,AAPL,AAPL | 2019-10-30
2019-07-30,AAPL,AAPL | 2019-07-30
2019-04-30,AAPL,AAPL | 2019-04-30
2019-01-29,AAPL,AAPL | 2019-01-29
2018-11-01,AAPL,AAPL | 2018-11-01
2018-07-31,AAPL,AAPL | 2018-07-31
2018-05-01,AAPL,AAPL | 2018-05-01
2018-02-01,AAPL,AAPL | 2018-02-01
2017-11-02,AAPL,AAPL | 2017-11-02
2017-08-01,AAPL,AAPL | 2017-08-01
2017-05-02,AAPL,AAPL | 2017-05-02
2017-01-31,AAPL,AAPL | 2017-01-31
2016-10-25,AAPL,AAPL | 2016-10-25
2016-07-26,AAPL,AAPL | 2016-07-26
2016-04-26,AAPL,AAPL | 2016-04-26
2016-01-26,AAPL,AAPL | 2016-01-26
2015-10-27,AAPL,AAPL | 2015-10-27
2015-07-21,AAPL,AAPL | 2015-07-21
2015-04-27,AAPL,AAPL | 2015-04-27
2015-01-27,AAPL,AAPL | 2015-01-27
2014-10-20,AAPL,AAPL | 2014-10-20
2014-07-22,AAPL,AAPL | 2014-07-22
2014-04-23,AAPL,AAPL | 2014-04-23
2025-04-25,ABBV,ABBV | 2025-04-25
2025-01-31,ABBV,ABBV | 2025-01-31
2024-10-30,ABBV,ABBV | 2024-10-30
2024-07-25,ABBV,ABBV | 2024-07-25
2024-04-26,ABBV,ABBV | 2024-04-26
2024-02-02,ABBV,ABBV | 2024-02-02
2023-10-27,ABBV,ABBV | 2023-10-27
2023-07-27,ABBV,ABBV | 2023-07-27
2023-04-27,ABBV,ABBV | 2023-04-27
2023-02-09,ABBV,ABBV | 2023-02-09
2022-10-28,ABBV,ABBV | 2022-10-28
2022-07-29,ABBV,ABBV | 2022-07-29
2022-04-29,ABBV,ABBV | 2022-04-29
2022-02-02,ABBV,ABBV | 2022-02-02
2021-10-29,ABBV,ABBV | 2021-10-29
2021-07-30,ABBV,ABBV | 2021-07-30
2021-04-30,ABBV,ABBV | 2021-04-30
2021-02-03,ABBV,ABBV | 2021-02-03
2020-10-30,ABBV,ABBV | 2020-10-30
2020-07-31,ABBV,ABBV | 2020-07-31
2020-05-01,ABBV,ABBV | 2020-05-01
2020-02-07,ABBV,ABBV | 2020-02-07
2019-11-01,ABBV,ABBV | 2019-11-01
2019-07-26,ABBV,ABBV | 2019-07-26
2019-04-25,ABBV,ABBV | 2019-04-25
2019-01-25,ABBV,ABBV | 2019-01-25
2018-11-02,ABBV,ABBV | 2018-11-02
2018-07-27,ABBV,ABBV | 2018-07-27
2018-04-26,ABBV,ABBV | 2018-04-26
2018-01-26,ABBV,ABBV | 2018-01-26
2017-10-27,ABBV,ABBV | 2017-10-27
2017-07-28,ABBV,ABBV | 2017-07-28
2017-04-27,ABBV,ABBV | 2017-04-27
2017-01-27,ABBV,ABBV | 2017-01-27
2016-10-28,ABBV,ABBV | 2016-10-28
2016-07-29,ABBV,ABBV | 2016-07-29
2016-04-28,ABBV,ABBV | 2016-04-28
2016-01-29,ABBV,ABBV | 2016-01-29
2015-10-30,ABBV,ABBV | 2015-10-30
2015-07-24,ABBV,ABBV | 2015-07-24
2015-04-23,ABBV,ABBV | 2015-04-23
2015-01-30,ABBV,ABBV | 2015-01-30
2014-10-31,ABBV,ABBV | 2014-10-31
2014-07-25,ABBV,ABBV | 2014-07-25
2014-04-25,ABBV,ABBV | 2014-04-25
2025-03-20,ACN,ACN | 2025-03-20
2024-12-19,ACN,ACN | 2024-12-19
2024-09-26,ACN,ACN | 2024-09-26
2024-06-20,ACN,ACN | 2024-06-20
2024-03-21,ACN,ACN | 2024-03-21
2023-12-19,ACN,ACN | 2023-12-19
2023-09-28,ACN,ACN | 2023-09-28
2023-06-22,ACN,ACN | 2023-06-22
2023-03-23,ACN,ACN | 2023-03-23
2022-12-16,ACN,ACN | 2022-12-16
2022-09-22,ACN,ACN | 2022-09-22
2022-06-23,ACN,ACN | 2022-06-23
2022-03-17,ACN,ACN | 2022-03-17
2021-12-16,ACN,ACN | 2021-12-16
2021-09-23,ACN,ACN | 2021-09-23
2021-06-24,ACN,ACN | 2021-06-24
2021-03-18,ACN,ACN | 2021-03-18
2020-12-17,ACN,ACN | 2020-12-17
2020-09-24,ACN,ACN | 2020-09-24
2020-06-25,ACN,ACN | 2020-06-25
2020-03-19,ACN,ACN | 2020-03-19
2019-12-19,ACN,ACN | 2019-12-19
2019-09-26,ACN,ACN | 2019-09-26
2019-06-27,ACN,ACN | 2019-06-27
2019-03-28,ACN,ACN | 2019-03-28
2018-12-20,ACN,ACN | 2018-12-20
2018-09-27,ACN,ACN | 2018-09-27
2018-06-28,ACN,ACN | 2018-06-28
2018-03-22,ACN,ACN | 2018-03-22
2017-12-21,ACN,ACN | 2017-12-21
2017-09-28,ACN,ACN | 2017-09-28
2017-06-22,ACN,ACN | 2017-06-22
2017-03-23,ACN,ACN | 2017-03-23
2016-12-21,ACN,ACN | 2016-12-21
2016-09-29,ACN,ACN | 2016-09-29
2016-06-23,ACN,ACN | 2016-06-23
2016-03-24,ACN,ACN | 2016-03-24
2015-12-17,ACN,ACN | 2015-12-17
2015-09-24,ACN,ACN | 2015-09-24
2015-06-25,ACN,ACN | 2015-06-25
2015-03-26,ACN,ACN | 2015-03-26
2014-12-18,ACN,ACN | 2014-12-18
2014-09-24,ACN,ACN | 2014-09-24
2014-06-26,ACN,ACN | 2014-06-26
2025-03-12,ADBE,ADBE | 2025-03-12
2024-12-11,ADBE,ADBE | 2024-12-11
2024-09-12,ADBE,ADBE | 2024-09-12
2024-06-13,ADBE,ADBE | 2024-06-13
2024-03-14,ADBE,ADBE | 2024-03-14
2023-12-13,ADBE,ADBE | 2023-12-13
2023-09-14,ADBE,ADBE | 2023-09-14
2023-06-15,ADBE,ADBE | 2023-06-15
2023-03-15,ADBE,ADBE | 2023-03-15
2022-12-15,ADBE,ADBE | 2022-12-15
2022-09-15,ADBE,ADBE | 2022-09-15
2022-06-16,ADBE,ADBE | 2022-06-16
2022-03-22,ADBE,ADBE | 2022-03-22
2021-12-16,ADBE,ADBE | 2021-12-16
2021-09-21,ADBE,ADBE | 2021-09-21
2021-06-17,ADBE,ADBE | 2021-06-17
2021-03-23,ADBE,ADBE | 2021-03-23
2020-12-10,ADBE,ADBE | 2020-12-10
2020-09-15,ADBE,ADBE | 2020-09-15
2020-06-11,ADBE,ADBE | 2020-06-11
2020-03-12,ADBE,ADBE | 2020-03-12
2019-12-12,ADBE,ADBE | 2019-12-12
2019-09-17,ADBE,ADBE | 2019-09-17
2019-06-18,ADBE,ADBE | 2019-06-18
2019-03-14,ADBE,ADBE | 2019-03-14
2018-12-13,ADBE,ADBE | 2018-12-13
2018-09-13,ADBE,ADBE | 2018-09-13
2018-06-14,ADBE,ADBE | 2018-06-14
2018-03-15,ADBE,ADBE | 2018-03-15
2017-12-14,ADBE,ADBE | 2017-12-14
2017-09-19,ADBE,ADBE | 2017-09-19
2017-06-20,ADBE,ADBE | 2017-06-20
2017-03-16,ADBE,ADBE | 2017-03-16
2016-12-15,ADBE,ADBE | 2016-12-15
2016-09-20,ADBE,ADBE | 2016-09-20
2016-06-21,ADBE,ADBE | 2016-06-21
2016-03-17,ADBE,ADBE | 2016-03-17
2015-12-10,ADBE,ADBE | 2015-12-10
2015-09-17,ADBE,ADBE | 2015-09-17
2015-06-16,ADBE,ADBE | 2015-06-16
2015-03-17,ADBE,ADBE | 2015-03-17
2014-12-11,ADBE,ADBE | 2014-12-11
2014-09-16,ADBE,ADBE | 2014-09-16
2014-06-17,ADBE,ADBE | 2014-06-17
2025-02-04,AMD,AMD | 2025-02-04
2024-10-29,AMD,AMD | 2024-10-29
2024-07-30,AMD,AMD | 2024-07-30
2024-04-30,AMD,AMD | 2024-04-30
2024-01-30,AMD,AMD | 2024-01-30
2023-10-31,AMD,AMD | 2023-10-31
2023-08-01,AMD,AMD | 2023-08-01
2023-05-02,AMD,AMD | 2023-05-02
2023-01-31,AMD,AMD | 2023-01-31
2022-11-01,AMD,AMD | 2022-11-01
2022-08-02,AMD,AMD | 2022-08-02
2022-05-03,AMD,AMD | 2022-05-03
2022-02-01,AMD,AMD | 2022-02-01
2021-10-26,AMD,AMD | 2021-10-26
2021-07-27,AMD,AMD | 2021-07-27
2021-04-27,AMD,AMD | 2021-04-27
2021-01-26,AMD,AMD | 2021-01-26
2020-10-27,AMD,AMD | 2020-10-27
2020-07-28,AMD,AMD | 2020-07-28
2020-04-28,AMD,AMD | 2020-04-28
2020-01-28,AMD,AMD | 2020-01-28
2019-10-29,AMD,AMD | 2019-10-29
2019-07-30,AMD,AMD | 2019-07-30
2019-04-30,AMD,AMD | 2019-04-30
2019-01-29,AMD,AMD | 2019-01-29
2018-10-24,AMD,AMD | 2018-10-24
2018-07-25,AMD,AMD | 2018-07-25
2018-04-25,AMD,AMD | 2018-04-25
2018-01-30,AMD,AMD | 2018-01-30
2017-10-24,AMD,AMD | 2017-10-24
2017-07-25,AMD,AMD | 2017-07-25
2017-05-01,AMD,AMD | 2017-05-01
2017-01-31,AMD,AMD | 2017-01-31
2016-10-20,AMD,AMD | 2016-10-20
2016-07-21,AMD,AMD | 2016-07-21
2016-04-21,AMD,AMD | 2016-04-21
2016-01-19,AMD,AMD | 2016-01-19
2015-10-15,AMD,AMD | 2015-10-15
2015-07-16,AMD,AMD | 2015-07-16
2015-04-16,AMD,AMD | 2015-04-16
2015-01-20,AMD,AMD | 2015-01-20
2014-10-16,AMD,AMD | 2014-10-16
2014-07-17,AMD,AMD | 2014-07-17
2014-04-17,AMD,AMD | 2014-04-17
2025-05-01,AME,AME | 2025-05-01
2025-02-04,AME,AME | 2025-02-04
2024-10-31,AME,AME | 2024-10-31
2024-08-01,AME,AME | 2024-08-01
2024-05-02,AME,AME | 2024-05-02
2024-02-06,AME,AME | 2024-02-06
2023-10-31,AME,AME | 2023-10-31
2023-08-01,AME,AME | 2023-08-01
2023-05-02,AME,AME | 2023-05-02
2023-02-02,AME,AME | 2023-02-02
2022-11-01,AME,AME | 2022-11-01
2022-08-02,AME,AME | 2022-08-02
2022-05-03,AME,AME | 2022-05-03
2022-02-03,AME,AME | 2022-02-03
2021-11-02,AME,AME | 2021-11-02
2021-08-03,AME,AME | 2021-08-03
2021-05-04,AME,AME | 2021-05-04
2021-02-04,AME,AME | 2021-02-04
2020-10-29,AME,AME | 2020-10-29
2020-08-04,AME,AME | 2020-08-04
2020-05-05,AME,AME | 2020-05-05
2020-02-05,AME,AME | 2020-02-05
2019-10-31,AME,AME | 2019-10-31
2019-07-30,AME,AME | 2019-07-30
2019-05-01,AME,AME | 2019-05-01
2019-02-05,AME,AME | 2019-02-05
2018-11-01,AME,AME | 2018-11-01
2018-07-31,AME,AME | 2018-07-31
2018-05-02,AME,AME | 2018-05-02
2018-02-01,AME,AME | 2018-02-01
2017-11-02,AME,AME | 2017-11-02
2017-08-02,AME,AME | 2017-08-02
2017-05-02,AME,AME | 2017-05-02
2017-02-07,AME,AME | 2017-02-07
2016-11-01,AME,AME | 2016-11-01
2016-08-04,AME,AME | 2016-08-04
2016-04-28,AME,AME | 2016-04-28
2016-02-05,AME,AME | 2016-02-05
2015-10-27,AME,AME | 2015-10-27
2015-08-05,AME,AME | 2015-08-05
2015-04-29,AME,AME | 2015-04-29
2015-01-28,AME,AME | 2015-01-28
2014-10-28,AME,AME | 2014-10-28
2014-08-05,AME,AME | 2014-08-05
2014-05-06,AME,AME | 2014-05-06
2025-05-01,AMGN,AMGN | 2025-05-01
2025-02-04,AMGN,AMGN | 2025-02-04
2024-10-30,AMGN,AMGN | 2024-10-30
2024-08-06,AMGN,AMGN | 2024-08-06
2024-05-02,AMGN,AMGN | 2024-05-02
2024-02-06,AMGN,AMGN | 2024-02-06
2023-10-31,AMGN,AMGN | 2023-10-31
2023-08-03,AMGN,AMGN | 2023-08-03
2023-04-27,AMGN,AMGN | 2023-04-27
2023-01-31,AMGN,AMGN | 2023-01-31
2022-11-03,AMGN,AMGN | 2022-11-03
2022-08-04,AMGN,AMGN | 2022-08-04
2022-04-27,AMGN,AMGN | 2022-04-27
2022-02-07,AMGN,AMGN | 2022-02-07
2021-11-02,AMGN,AMGN | 2021-11-02
2021-08-03,AMGN,AMGN | 2021-08-03
2021-04-27,AMGN,AMGN | 2021-04-27
2021-02-02,AMGN,AMGN | 2021-02-02
2020-10-28,AMGN,AMGN | 2020-10-28
2020-07-28,AMGN,AMGN | 2020-07-28
2020-04-30,AMGN,AMGN | 2020-04-30
2020-01-30,AMGN,AMGN | 2020-01-30
2019-10-29,AMGN,AMGN | 2019-10-29
2019-07-30,AMGN,AMGN | 2019-07-30
2019-04-30,AMGN,AMGN | 2019-04-30
2019-01-29,AMGN,AMGN | 2019-01-29
2018-10-30,AMGN,AMGN | 2018-10-30
2018-07-26,AMGN,AMGN | 2018-07-26
2018-04-24,AMGN,AMGN | 2018-04-24
2018-02-01,AMGN,AMGN | 2018-02-01
2017-10-25,AMGN,AMGN | 2017-10-25
2017-07-25,AMGN,AMGN | 2017-07-25
2017-04-26,AMGN,AMGN | 2017-04-26
2017-02-02,AMGN,AMGN | 2017-02-02
2016-10-27,AMGN,AMGN | 2016-10-27
2016-07-27,AMGN,AMGN | 2016-07-27
2016-04-28,AMGN,AMGN | 2016-04-28
2016-01-28,AMGN,AMGN | 2016-01-28
2015-10-28,AMGN,AMGN | 2015-10-28
2015-07-30,AMGN,AMGN | 2015-07-30
2015-04-21,AMGN,AMGN | 2015-04-21
2015-01-27,AMGN,AMGN | 2015-01-27
2014-10-27,AMGN,AMGN | 2014-10-27
2014-07-29,AMGN,AMGN | 2014-07-29
2014-04-22,AMGN,AMGN | 2014-04-22
2025-04-30,AMZN,AMZN | 2025-04-30
2025-02-06,AMZN,AMZN | 2025-02-06
2024-10-31,AMZN,AMZN | 2024-10-31
2024-08-01,AMZN,AMZN | 2024-08-01
2024-04-30,AMZN,AMZN | 2024-04-30
2024-02-01,AMZN,AMZN | 2024-02-01
2023-10-26,AMZN,AMZN | 2023-10-26
2023-08-03,AMZN,AMZN | 2023-08-03
2023-04-27,AMZN,AMZN | 2023-04-27
2023-02-02,AMZN,AMZN | 2023-02-02
2022-10-27,AMZN,AMZN | 2022-10-27
2022-07-28,AMZN,AMZN | 2022-07-28
2022-04-28,AMZN,AMZN | 2022-04-28
2022-02-03,AMZN,AMZN | 2022-02-03
2021-10-28,AMZN,AMZN | 2021-10-28
2021-07-29,AMZN,AMZN | 2021-07-29
2021-04-29,AMZN,AMZN | 2021-04-29
2021-02-02,AMZN,AMZN | 2021-02-02
2020-10-29,AMZN,AMZN | 2020-10-29
2020-07-30,AMZN,AMZN | 2020-07-30
2020-04-30,AMZN,AMZN | 2020-04-30
2020-01-30,AMZN,AMZN | 2020-01-30
2019-10-24,AMZN,AMZN | 2019-10-24
2019-07-25,AMZN,AMZN | 2019-07-25
2019-04-25,AMZN,AMZN | 2019-04-25
2019-01-31,AMZN,AMZN | 2019-01-31
2018-10-25,AMZN,AMZN | 2018-10-25
2018-07-26,AMZN,AMZN | 2018-07-26
2018-04-26,AMZN,AMZN | 2018-04-26
2018-02-01,AMZN,AMZN | 2018-02-01
2017-10-26,AMZN,AMZN | 2017-10-26
2017-07-27,AMZN,AMZN | 2017-07-27
2017-04-27,AMZN,AMZN | 2017-04-27
2017-02-02,AMZN,AMZN | 2017-02-02
2016-10-27,AMZN,AMZN | 2016-10-27
2016-07-28,AMZN,AMZN | 2016-07-28
2016-04-28,AMZN,AMZN | 2016-04-28
2016-01-28,AMZN,AMZN | 2016-01-28
2015-10-22,AMZN,AMZN | 2015-10-22
2015-07-23,AMZN,AMZN | 2015-07-23
2015-04-23,AMZN,AMZN | 2015-04-23
2015-01-29,AMZN,AMZN | 2015-01-29
2014-10-23,AMZN,AMZN | 2014-10-23
2014-07-24,AMZN,AMZN | 2014-07-24
2014-04-24,AMZN,AMZN | 2014-04-24
2025-03-06,AVGO,AVGO | 2025-03-06
2024-12-12,AVGO,AVGO | 2024-12-12
2024-09-05,AVGO,AVGO | 2024-09-05
2024-06-12,AVGO,AVGO | 2024-06-12
2024-03-07,AVGO,AVGO | 2024-03-07
2023-12-07,AVGO,AVGO | 2023-12-07
2023-08-31,AVGO,AVGO | 2023-08-31
2023-06-01,AVGO,AVGO | 2023-06-01
2023-03-02,AVGO,AVGO | 2023-03-02
2022-12-08,AVGO,AVGO | 2022-12-08
2022-09-01,AVGO,AVGO | 2022-09-01
2022-05-26,AVGO,AVGO | 2022-05-26
2022-03-03,AVGO,AVGO | 2022-03-03
2021-12-09,AVGO,AVGO | 2021-12-09
2021-09-02,AVGO,AVGO | 2021-09-02
2021-06-03,AVGO,AVGO | 2021-06-03
2021-03-04,AVGO,AVGO | 2021-03-04
2020-12-10,AVGO,AVGO | 2020-12-10
2020-09-03,AVGO,AVGO | 2020-09-03
2020-06-04,AVGO,AVGO | 2020-06-04
2020-03-12,AVGO,AVGO | 2020-03-12
2019-12-12,AVGO,AVGO | 2019-12-12
2019-09-12,AVGO,AVGO | 2019-09-12
2019-06-13,AVGO,AVGO | 2019-06-13
2019-03-14,AVGO,AVGO | 2019-03-14
2018-12-06,AVGO,AVGO | 2018-12-06
2018-09-06,AVGO,AVGO | 2018-09-06
2018-06-07,AVGO,AVGO | 2018-06-07
2018-03-15,AVGO,AVGO | 2018-03-15
2017-12-06,AVGO,AVGO | 2017-12-06
2017-08-24,AVGO,AVGO | 2017-08-24
2017-06-01,AVGO,AVGO | 2017-06-01
2017-03-01,AVGO,AVGO | 2017-03-01
2016-12-08,AVGO,AVGO | 2016-12-08
2016-09-01,AVGO,AVGO | 2016-09-01
2016-06-02,AVGO,AVGO | 2016-06-02
2016-03-03,AVGO,AVGO | 2016-03-03
2015-12-02,AVGO,AVGO | 2015-12-02
2015-08-26,AVGO,AVGO | 2015-08-26
2015-05-28,AVGO,AVGO | 2015-05-28
2015-02-25,AVGO,AVGO | 2015-02-25
2014-12-03,AVGO,AVGO | 2014-12-03
2014-08-28,AVGO,AVGO | 2014-08-28
2014-05-29,AVGO,AVGO | 2014-05-29
2025-04-15,BAC,BAC | 2025-04-15
2025-01-16,BAC,BAC | 2025-01-16
2024-10-15,BAC,BAC | 2024-10-15
2024-07-16,BAC,BAC | 2024-07-16
2024-04-16,BAC,BAC | 2024-04-16
2024-01-12,BAC,BAC | 2024-01-12
2023-10-17,BAC,BAC | 2023-10-17
2023-07-18,BAC,BAC | 2023-07-18
2023-04-18,BAC,BAC | 2023-04-18
2023-01-13,BAC,BAC | 2023-01-13
2022-10-17,BAC,BAC | 2022-10-17
2022-07-18,BAC,BAC | 2022-07-18
2022-04-18,BAC,BAC | 2022-04-18
2022-01-19,BAC,BAC | 2022-01-19
2021-10-14,BAC,BAC | 2021-10-14
2021-07-14,BAC,BAC | 2021-07-14
2021-04-15,BAC,BAC | 2021-04-15
2021-01-19,BAC,BAC | 2021-01-19
2020-10-14,BAC,BAC | 2020-10-14
2020-07-16,BAC,BAC | 2020-07-16
2020-04-15,BAC,BAC | 2020-04-15
2020-01-15,BAC,BAC | 2020-01-15
2019-10-16,BAC,BAC | 2019-10-16
2019-07-17,BAC,BAC | 2019-07-17
2019-04-16,BAC,BAC | 2019-04-16
2019-01-16,BAC,BAC | 2019-01-16
2018-10-15,BAC,BAC | 2018-10-15
2018-07-16,BAC,BAC | 2018-07-16
2018-04-16,BAC,BAC | 2018-04-16
2018-01-17,BAC,BAC | 2018-01-17
2017-10-13,BAC,BAC | 2017-10-13
2017-07-18,BAC,BAC | 2017-07-18
2017-04-18,BAC,BAC | 2017-04-18
2017-01-13,BAC,BAC | 2017-01-13
2016-10-17,BAC,BAC | 2016-10-17
2016-07-18,BAC,BAC | 2016-07-18
2016-04-14,BAC,BAC | 2016-04-14
2016-01-19,BAC,BAC | 2016-01-19
2015-10-14,BAC,BAC | 2015-10-14
2015-07-15,BAC,BAC | 2015-07-15
2015-04-15,BAC,BAC | 2015-04-15
2015-01-15,BAC,BAC | 2015-01-15
2014-10-15,BAC,BAC | 2014-10-15
2014-07-16,BAC,BAC | 2014-07-16
2014-04-16,BAC,BAC | 2014-04-16
2025-04-25,CAT,CAT | 2025-04-25
2025-01-30,CAT,CAT | 2025-01-30
2024-10-30,CAT,CAT | 2024-10-30
2024-08-06,CAT,CAT | 2024-08-06
2024-04-25,CAT,CAT | 2024-04-25
2024-02-05,CAT,CAT | 2024-02-05
2023-10-31,CAT,CAT | 2023-10-31
2023-08-01,CAT,CAT | 2023-08-01
2023-04-27,CAT,CAT | 2023-04-27
2023-01-31,CAT,CAT | 2023-01-31
2022-10-27,CAT,CAT | 2022-10-27
2022-08-02,CAT,CAT | 2022-08-02
2022-04-28,CAT,CAT | 2022-04-28
2022-01-28,CAT,CAT | 2022-01-28
2021-10-28,CAT,CAT | 2021-10-28
2021-07-30,CAT,CAT | 2021-07-30
2021-04-29,CAT,CAT | 2021-04-29
2021-01-29,CAT,CAT | 2021-01-29
2020-10-27,CAT,CAT | 2020-10-27
2020-07-31,CAT,CAT | 2020-07-31
2020-04-28,CAT,CAT | 2020-04-28
2020-01-31,CAT,CAT | 2020-01-31
2019-10-23,CAT,CAT | 2019-10-23
2019-07-24,CAT,CAT | 2019-07-24
2019-04-24,CAT,CAT | 2019-04-24
2019-01-28,CAT,CAT | 2019-01-28
2018-10-23,CAT,CAT | 2018-10-23
2018-07-30,CAT,CAT | 2018-07-30
2018-04-24,CAT,CAT | 2018-04-24
2018-01-25,CAT,CAT | 2018-01-25
2017-10-24,CAT,CAT | 2017-10-24
2017-07-25,CAT,CAT | 2017-07-25
2017-04-25,CAT,CAT | 2017-04-25
2017-01-26,CAT,CAT | 2017-01-26
2016-10-25,CAT,CAT | 2016-10-25
2016-07-26,CAT,CAT | 2016-07-26
2016-04-22,CAT,CAT | 2016-04-22
2016-01-28,CAT,CAT | 2016-01-28
2015-10-22,CAT,CAT | 2015-10-22
2015-07-23,CAT,CAT | 2015-07-23
2015-04-23,CAT,CAT | 2015-04-23
2015-01-27,CAT,CAT | 2015-01-27
2014-10-23,CAT,CAT | 2014-10-23
2014-07-24,CAT,CAT | 2014-07-24
2014-04-24,CAT,CAT | 2014-04-24
2025-04-24,CBRE,CBRE | 2025-04-24
2025-02-13,CBRE,CBRE | 2025-02-13
2024-10-24,CBRE,CBRE | 2024-10-24
2024-07-25,CBRE,CBRE | 2024-07-25
2024-05-03,CBRE,CBRE | 2024-05-03
2024-02-15,CBRE,CBRE | 2024-02-15
2023-10-27,CBRE,CBRE | 2023-10-27
2023-07-27,CBRE,CBRE | 2023-07-27
2023-04-27,CBRE,CBRE | 2023-04-27
2023-02-23,CBRE,CBRE | 2023-02-23
2022-10-27,CBRE,CBRE | 2022-10-27
2022-08-04,CBRE,CBRE | 2022-08-04
2022-05-05,CBRE,CBRE | 2022-05-05
2022-02-24,CBRE,CBRE | 2022-02-24
2021-10-28,CBRE,CBRE | 2021-10-28
2021-07-29,CBRE,CBRE | 2021-07-29
2021-04-29,CBRE,CBRE | 2021-04-29
2021-02-23,CBRE,CBRE | 2021-02-23
2020-10-29,CBRE,CBRE | 2020-10-29
2020-07-31,CBRE,CBRE | 2020-07-31
2020-05-07,CBRE,CBRE | 2020-05-07
2020-02-27,CBRE,CBRE | 2020-02-27
2019-11-06,CBRE,CBRE | 2019-11-06
2019-08-01,CBRE,CBRE | 2019-08-01
2019-05-08,CBRE,CBRE | 2019-05-08
2019-02-13,CBRE,CBRE | 2019-02-13
2018-11-01,CBRE,CBRE | 2018-11-01
2018-08-02,CBRE,CBRE | 2018-08-02
2018-05-02,CBRE,CBRE | 2018-05-02
2018-02-08,CBRE,CBRE | 2018-02-08
2017-11-03,CBRE,CBRE | 2017-11-03
2017-07-27,CBRE,CBRE | 2017-07-27
2017-04-27,CBRE,CBRE | 2017-04-27
2017-02-10,CBRE,CBRE | 2017-02-10
2016-10-27,CBRE,CBRE | 2016-10-27
2016-07-28,CBRE,CBRE | 2016-07-28
2016-04-28,CBRE,CBRE | 2016-04-28
2016-02-03,CBRE,CBRE | 2016-02-03
2015-10-27,CBRE,CBRE | 2015-10-27
2015-07-29,CBRE,CBRE | 2015-07-29
2015-04-29,CBRE,CBRE | 2015-04-29
2015-02-04,CBRE,CBRE | 2015-02-04
2014-10-29,CBRE,CBRE | 2014-10-29
2014-07-29,CBRE,CBRE | 2014-07-29
2014-04-30,CBRE,CBRE | 2014-04-30
2025-03-06,COST,COST | 2025-03-06
2024-12-12,COST,COST | 2024-12-12
2024-09-26,COST,COST | 2024-09-26
2024-05-30,COST,COST | 2024-05-30
2024-03-07,COST,COST | 2024-03-07
2023-12-14,COST,COST | 2023-12-14
2023-09-26,COST,COST | 2023-09-26
2023-05-25,COST,COST | 2023-05-25
2023-03-02,COST,COST | 2023-03-02
2022-12-08,COST,COST | 2022-12-08
2022-09-22,COST,COST | 2022-09-22
2022-05-26,COST,COST | 2022-05-26
2022-03-03,COST,COST | 2022-03-03
2021-12-09,COST,COST | 2021-12-09
2021-09-23,COST,COST | 2021-09-23
2021-05-27,COST,COST | 2021-05-27
2021-03-04,COST,COST | 2021-03-04
2020-12-10,COST,COST | 2020-12-10
2020-09-24,COST,COST | 2020-09-24
2020-05-28,COST,COST | 2020-05-28
2020-03-05,COST,COST | 2020-03-05
2019-12-12,COST,COST | 2019-12-12
2019-10-03,COST,COST | 2019-10-03
2019-05-30,COST,COST | 2019-05-30
2019-03-07,COST,COST | 2019-03-07
2018-12-13,COST,COST | 2018-12-13
2018-10-04,COST,COST | 2018-10-04
2018-05-31,COST,COST | 2018-05-31
2018-03-07,COST,COST | 2018-03-07
2017-12-14,COST,COST | 2017-12-14
2017-10-05,COST,COST | 2017-10-05
2017-05-25,COST,COST | 2017-05-25
2017-03-02,COST,COST | 2017-03-02
2016-12-07,COST,COST | 2016-12-07
2016-09-29,COST,COST | 2016-09-29
2016-05-25,COST,COST | 2016-05-25
2016-03-02,COST,COST | 2016-03-02
2015-12-08,COST,COST | 2015-12-08
2015-09-29,COST,COST | 2015-09-29
2015-05-27,COST,COST | 2015-05-27
2015-03-05,COST,COST | 2015-03-05
2014-12-10,COST,COST | 2014-12-10
2014-10-08,COST,COST | 2014-10-08
2014-05-29,COST,COST | 2014-05-29
2025-02-26,CRM,CRM | 2025-02-26
2024-12-03,CRM,CRM | 2024-12-03
2024-08-28,CRM,CRM | 2024-08-28
2024-05-29,CRM,CRM | 2024-05-29
2024-02-28,CRM,CRM | 2024-02-28
2023-11-29,CRM,CRM | 2023-11-29
2023-08-30,CRM,CRM | 2023-08-30
2023-05-31,CRM,CRM | 2023-05-31
2023-03-01,CRM,CRM | 2023-03-01
2022-11-30,CRM,CRM | 2022-11-30
2022-08-24,CRM,CRM | 2022-08-24
2022-05-31,CRM,CRM | 2022-05-31
2022-03-01,CRM,CRM | 2022-03-01
2021-11-30,CRM,CRM | 2021-11-30
2021-08-25,CRM,CRM | 2021-08-25
2021-05-27,CRM,CRM | 2021-05-27
2021-02-25,CRM,CRM | 2021-02-25
2020-12-01,CRM,CRM | 2020-12-01
2020-08-25,CRM,CRM | 2020-08-25
2020-05-28,CRM,CRM | 2020-05-28
2020-02-25,CRM,CRM | 2020-02-25
2019-12-03,CRM,CRM | 2019-12-03
2019-08-22,CRM,CRM | 2019-08-22
2019-06-04,CRM,CRM | 2019-06-04
2019-03-04,CRM,CRM | 2019-03-04
2018-11-27,CRM,CRM | 2018-11-27
2018-08-29,CRM,CRM | 2018-08-29
2018-05-29,CRM,CRM | 2018-05-29
2018-02-28,CRM,CRM | 2018-02-28
2017-11-21,CRM,CRM | 2017-11-21
2017-08-22,CRM,CRM | 2017-08-22
2017-05-18,CRM,CRM | 2017-05-18
2017-02-28,CRM,CRM | 2017-02-28
2016-11-17,CRM,CRM | 2016-11-17
2016-08-31,CRM,CRM | 2016-08-31
2016-05-18,CRM,CRM | 2016-05-18
2016-02-24,CRM,CRM | 2016-02-24
2015-11-18,CRM,CRM | 2015-11-18
2015-08-20,CRM,CRM | 2015-08-20
2015-05-20,CRM,CRM | 2015-05-20
2015-02-25,CRM,CRM | 2015-02-25
2014-11-19,CRM,CRM | 2014-11-19
2014-08-21,CRM,CRM | 2014-08-21
2014-05-20,CRM,CRM | 2014-05-20
2025-05-02,CVX,CVX | 2025-05-02
2025-01-31,CVX,CVX | 2025-01-31
2024-11-01,CVX,CVX | 2024-11-01
2024-08-02,CVX,CVX | 2024-08-02
2024-04-26,CVX,CVX | 2024-04-26
2024-02-02,CVX,CVX | 2024-02-02
2023-10-27,CVX,CVX | 2023-10-27
2023-07-28,CVX,CVX | 2023-07-28
2023-04-28,CVX,CVX | 2023-04-28
2023-01-27,CVX,CVX | 2023-01-27
2022-10-28,CVX,CVX | 2022-10-28
2022-07-29,CVX,CVX | 2022-07-29
2022-04-29,CVX,CVX | 2022-04-29
2022-01-28,CVX,CVX | 2022-01-28
2021-10-29,CVX,CVX | 2021-10-29
2021-07-30,CVX,CVX | 2021-07-30
2021-04-30,CVX,CVX | 2021-04-30
2021-01-29,CVX,CVX | 2021-01-29
2020-10-30,CVX,CVX | 2020-10-30
2020-07-31,CVX,CVX | 2020-07-31
2020-05-01,CVX,CVX | 2020-05-01
2020-01-31,CVX,CVX | 2020-01-31
2019-11-01,CVX,CVX | 2019-11-01
2019-08-02,CVX,CVX | 2019-08-02
2019-04-26,CVX,CVX | 2019-04-26
2019-02-01,CVX,CVX | 2019-02-01
2018-11-02,CVX,CVX | 2018-11-02
2018-07-27,CVX,CVX | 2018-07-27
2018-04-27,CVX,CVX | 2018-04-27
2018-02-02,CVX,CVX | 2018-02-02
2017-10-27,CVX,CVX | 2017-10-27
2017-07-28,CVX,CVX | 2017-07-28
2017-04-28,CVX,CVX | 2017-04-28
2017-01-27,CVX,CVX | 2017-01-27
2016-10-28,CVX,CVX | 2016-10-28
2016-07-29,CVX,CVX | 2016-07-29
2016-04-29,CVX,CVX | 2016-04-29
2016-01-29,CVX,CVX | 2016-01-29
2015-10-30,CVX,CVX | 2015-10-30
2015-07-31,CVX,CVX | 2015-07-31
2015-05-01,CVX,CVX | 2015-05-01
2015-01-30,CVX,CVX | 2015-01-30
2014-10-31,CVX,CVX | 2014-10-31
2014-08-01,CVX,CVX | 2014-08-01
2014-05-02,CVX,CVX | 2014-05-02
2025-04-22,DHR,DHR | 2025-04-22
2025-01-29,DHR,DHR | 2025-01-29
2024-10-22,DHR,DHR | 2024-10-22
2024-07-23,DHR,DHR | 2024-07-23
2024-04-23,DHR,DHR | 2024-04-23
2024-01-30,DHR,DHR | 2024-01-30
2023-10-24,DHR,DHR | 2023-10-24
2023-07-25,DHR,DHR | 2023-07-25
2023-04-25,DHR,DHR | 2023-04-25
2023-01-24,DHR,DHR | 2023-01-24
2022-10-20,DHR,DHR | 2022-10-20
2022-07-21,DHR,DHR | 2022-07-21
2022-04-12,DHR,DHR | 2022-04-12
2022-01-27,DHR,DHR | 2022-01-27
2021-10-21,DHR,DHR | 2021-10-21
2021-07-22,DHR,DHR | 2021-07-22
2021-04-22,DHR,DHR | 2021-04-22
2021-01-28,DHR,DHR | 2021-01-28
2020-10-22,DHR,DHR | 2020-10-22
2020-07-23,DHR,DHR | 2020-07-23
2020-05-06,DHR,DHR | 2020-05-06
2020-01-30,DHR,DHR | 2020-01-30
2019-10-24,DHR,DHR | 2019-10-24
2019-07-18,DHR,DHR | 2019-07-18
2019-04-18,DHR,DHR | 2019-04-18
2019-01-29,DHR,DHR | 2019-01-29
2018-10-18,DHR,DHR | 2018-10-18
2018-07-19,DHR,DHR | 2018-07-19
2018-04-19,DHR,DHR | 2018-04-19
2018-01-30,DHR,DHR | 2018-01-30
2017-10-19,DHR,DHR | 2017-10-19
2017-07-20,DHR,DHR | 2017-07-20
2017-04-20,DHR,DHR | 2017-04-20
2017-01-31,DHR,DHR | 2017-01-31
2016-10-20,DHR,DHR | 2016-10-20
2016-07-25,DHR,DHR | 2016-07-25
2016-04-21,DHR,DHR | 2016-04-21
2016-01-26,DHR,DHR | 2016-01-26
2015-10-22,DHR,DHR | 2015-10-22
2015-07-23,DHR,DHR | 2015-07-23
2015-04-23,DHR,DHR | 2015-04-23
2015-01-27,DHR,DHR | 2015-01-27
2014-10-16,DHR,DHR | 2014-10-16
2014-07-17,DHR,DHR | 2014-07-17
2014-04-16,DHR,DHR | 2014-04-16
2025-05-01,EL,EL | 2025-05-01
2025-02-04,EL,EL | 2025-02-04
2024-10-31,EL,EL | 2024-10-31
2024-08-19,EL,EL | 2024-08-19
2024-05-01,EL,EL | 2024-05-01
2024-02-05,EL,EL | 2024-02-05
2023-11-01,EL,EL | 2023-11-01
2023-08-18,EL,EL | 2023-08-18
2023-05-03,EL,EL | 2023-05-03
2023-02-02,EL,EL | 2023-02-02
2022-11-02,EL,EL | 2022-11-02
2022-08-18,EL,EL | 2022-08-18
2022-05-03,EL,EL | 2022-05-03
2022-02-03,EL,EL | 2022-02-03
2021-11-02,EL,EL | 2021-11-02
2021-08-19,EL,EL | 2021-08-19
2021-05-03,EL,EL | 2021-05-03
2021-02-05,EL,EL | 2021-02-05
2020-11-02,EL,EL | 2020-11-02
2020-08-20,EL,EL | 2020-08-20
2020-05-01,EL,EL | 2020-05-01
2020-02-06,EL,EL | 2020-02-06
2019-10-31,EL,EL | 2019-10-31
2019-08-19,EL,EL | 2019-08-19
2019-05-01,EL,EL | 2019-05-01
2019-02-05,EL,EL | 2019-02-05
2018-10-31,EL,EL | 2018-10-31
2018-08-20,EL,EL | 2018-08-20
2018-05-02,EL,EL | 2018-05-02
2018-02-02,EL,EL | 2018-02-02
2017-11-01,EL,EL | 2017-11-01
2017-08-18,EL,EL | 2017-08-18
2017-05-03,EL,EL | 2017-05-03
2017-02-02,EL,EL | 2017-02-02
2016-11-02,EL,EL | 2016-11-02
2016-08-19,EL,EL | 2016-08-19
2016-05-03,EL,EL | 2016-05-03
2016-02-05,EL,EL | 2016-02-05
2015-11-02,EL,EL | 2015-11-02
2015-08-17,EL,EL | 2015-08-17
2015-05-05,EL,EL | 2015-05-05
2015-02-05,EL,EL | 2015-02-05
2014-11-04,EL,EL | 2014-11-04
2014-08-15,EL,EL | 2014-08-15
2014-05-02,EL,EL | 2014-05-02
2025-04-24,EMN,EMN | 2025-04-24
2025-01-30,EMN,EMN | 2025-01-30
2024-10-31,EMN,EMN | 2024-10-31
2024-07-25,EMN,EMN | 2024-07-25
2024-04-25,EMN,EMN | 2024-04-25
2024-02-01,EMN,EMN | 2024-02-01
2023-10-26,EMN,EMN | 2023-10-26
2023-07-27,EMN,EMN | 2023-07-27
2023-04-28,EMN,EMN | 2023-04-28
2023-01-26,EMN,EMN | 2023-01-26
2022-10-27,EMN,EMN | 2022-10-27
2022-07-28,EMN,EMN | 2022-07-28
2022-04-28,EMN,EMN | 2022-04-28
2022-01-27,EMN,EMN | 2022-01-27
2021-10-28,EMN,EMN | 2021-10-28
2021-08-02,EMN,EMN | 2021-08-02
2021-04-29,EMN,EMN | 2021-04-29
2021-01-28,EMN,EMN | 2021-01-28
2020-10-29,EMN,EMN | 2020-10-29
2020-08-03,EMN,EMN | 2020-08-03
2020-04-30,EMN,EMN | 2020-04-30
2020-01-30,EMN,EMN | 2020-01-30
2019-10-24,EMN,EMN | 2019-10-24
2019-07-25,EMN,EMN | 2019-07-25
2019-04-25,EMN,EMN | 2019-04-25
2019-01-31,EMN,EMN | 2019-01-31
2018-10-25,EMN,EMN | 2018-10-25
2018-07-26,EMN,EMN | 2018-07-26
2018-04-26,EMN,EMN | 2018-04-26
2018-02-01,EMN,EMN | 2018-02-01
2017-10-26,EMN,EMN | 2017-10-26
2017-07-27,EMN,EMN | 2017-07-27
2017-04-27,EMN,EMN | 2017-04-27
2017-01-26,EMN,EMN | 2017-01-26
2016-10-27,EMN,EMN | 2016-10-27
2016-07-28,EMN,EMN | 2016-07-28
2016-04-28,EMN,EMN | 2016-04-28
2016-01-28,EMN,EMN | 2016-01-28
2015-10-29,EMN,EMN | 2015-10-29
2015-07-27,EMN,EMN | 2015-07-27
2015-04-30,EMN,EMN | 2015-04-30
2015-01-29,EMN,EMN | 2015-01-29
2014-10-30,EMN,EMN | 2014-10-30
2014-07-28,EMN,EMN | 2014-07-28
2014-04-24,EMN,EMN | 2014-04-24
2025-04-23,EW,EW | 2025-04-23
2025-02-11,EW,EW | 2025-02-11
2024-10-24,EW,EW | 2024-10-24
2024-07-24,EW,EW | 2024-07-24
2024-04-25,EW,EW | 2024-04-25
2024-02-06,EW,EW | 2024-02-06
2023-10-25,EW,EW | 2023-10-25
2023-07-26,EW,EW | 2023-07-26
2023-04-26,EW,EW | 2023-04-26
2023-01-31,EW,EW | 2023-01-31
2022-10-27,EW,EW | 2022-10-27
2022-07-28,EW,EW | 2022-07-28
2022-04-26,EW,EW | 2022-04-26
2022-01-26,EW,EW | 2022-01-26
2021-10-27,EW,EW | 2021-10-27
2021-07-29,EW,EW | 2021-07-29
2021-04-20,EW,EW | 2021-04-20
2021-01-27,EW,EW | 2021-01-27
2020-10-21,EW,EW | 2020-10-21
2020-07-23,EW,EW | 2020-07-23
2020-04-23,EW,EW | 2020-04-23
2020-01-30,EW,EW | 2020-01-30
2019-10-23,EW,EW | 2019-10-23
2019-07-23,EW,EW | 2019-07-23
2019-04-23,EW,EW | 2019-04-23
2019-01-31,EW,EW | 2019-01-31
2018-10-23,EW,EW | 2018-10-23
2018-07-26,EW,EW | 2018-07-26
2018-04-24,EW,EW | 2018-04-24
2018-02-01,EW,EW | 2018-02-01
2017-10-24,EW,EW | 2017-10-24
2017-07-26,EW,EW | 2017-07-26
2017-04-25,EW,EW | 2017-04-25
2017-02-01,EW,EW | 2017-02-01
2016-10-25,EW,EW | 2016-10-25
2016-07-26,EW,EW | 2016-07-26
2016-04-26,EW,EW | 2016-04-26
2016-02-02,EW,EW | 2016-02-02
2015-10-26,EW,EW | 2015-10-26
2015-07-28,EW,EW | 2015-07-28
2015-04-23,EW,EW | 2015-04-23
2015-02-03,EW,EW | 2015-02-03
2014-10-23,EW,EW | 2014-10-23
2014-07-29,EW,EW | 2014-07-29
2014-04-24,EW,EW | 2014-04-24
2025-04-22,GE,GE | 2025-04-22
2025-01-23,GE,GE | 2025-01-23
2024-10-22,GE,GE | 2024-10-22
2024-07-23,GE,GE | 2024-07-23
2024-04-23,GE,GE | 2024-04-23
2024-01-23,GE,GE | 2024-01-23
2023-10-24,GE,GE | 2023-10-24
2023-07-25,GE,GE | 2023-07-25
2023-04-25,GE,GE | 2023-04-25
2023-01-24,GE,GE | 2023-01-24
2022-10-25,GE,GE | 2022-10-25
2022-07-26,GE,GE | 2022-07-26
2022-04-26,GE,GE | 2022-04-26
2022-01-25,GE,GE | 2022-01-25
2021-10-26,GE,GE | 2021-10-26
2021-07-27,GE,GE | 2021-07-27
2021-04-27,GE,GE | 2021-04-27
2021-01-26,GE,GE | 2021-01-26
2020-10-28,GE,GE | 2020-10-28
2020-07-29,GE,GE | 2020-07-29
2020-04-29,GE,GE | 2020-04-29
2020-01-29,GE,GE | 2020-01-29
2019-10-30,GE,GE | 2019-10-30
2019-07-31,GE,GE | 2019-07-31
2019-04-30,GE,GE | 2019-04-30
2019-01-31,GE,GE | 2019-01-31
2018-10-30,GE,GE | 2018-10-30
2018-07-20,GE,GE | 2018-07-20
2018-04-20,GE,GE | 2018-04-20
2018-01-24,GE,GE | 2018-01-24
2017-10-20,GE,GE | 2017-10-20
2017-07-21,GE,GE | 2017-07-21
2017-04-21,GE,GE | 2017-04-21
2017-01-20,GE,GE | 2017-01-20
2016-10-21,GE,GE | 2016-10-21
2016-07-22,GE,GE | 2016-07-22
2016-04-22,GE,GE | 2016-04-22
2016-01-22,GE,GE | 2016-01-22
2015-10-16,GE,GE | 2015-10-16
2015-07-17,GE,GE | 2015-07-17
2015-04-17,GE,GE | 2015-04-17
2015-01-23,GE,GE | 2015-01-23
2014-10-17,GE,GE | 2014-10-17
2014-07-18,GE,GE | 2014-07-18
2014-04-17,GE,GE | 2014-04-17
2025-04-25,GOOGL,GOOGL | 2025-04-25
2025-02-04,GOOGL,GOOGL | 2025-02-04
2024-10-29,GOOGL,GOOGL | 2024-10-29
2024-07-23,GOOGL,GOOGL | 2024-07-23
2024-04-25,GOOGL,GOOGL | 2024-04-25
2024-01-30,GOOGL,GOOGL | 2024-01-30
2023-10-24,GOOGL,GOOGL | 2023-10-24
2023-07-25,GOOGL,GOOGL | 2023-07-25
2023-04-25,GOOGL,GOOGL | 2023-04-25
2023-02-02,GOOGL,GOOGL | 2023-02-02
2022-10-25,GOOGL,GOOGL | 2022-10-25
2022-07-26,GOOGL,GOOGL | 2022-07-26
2022-04-26,GOOGL,GOOGL | 2022-04-26
2022-02-01,GOOGL,GOOGL | 2022-02-01
2021-10-26,GOOGL,GOOGL | 2021-10-26
2021-07-27,GOOGL,GOOGL | 2021-07-27
2021-04-27,GOOGL,GOOGL | 2021-04-27
2021-02-02,GOOGL,GOOGL | 2021-02-02
2020-10-29,GOOGL,GOOGL | 2020-10-29
2020-07-30,GOOGL,GOOGL | 2020-07-30
2020-04-28,GOOGL,GOOGL | 2020-04-28
2020-02-03,GOOGL,GOOGL | 2020-02-03
2019-10-28,GOOGL,GOOGL | 2019-10-28
2019-07-25,GOOGL,GOOGL | 2019-07-25
2019-04-29,GOOGL,GOOGL | 2019-04-29
2019-02-04,GOOGL,GOOGL | 2019-02-04
2018-10-25,GOOGL,GOOGL | 2018-10-25
2018-07-23,GOOGL,GOOGL | 2018-07-23
2018-04-23,GOOGL,GOOGL | 2018-04-23
2018-02-01,GOOGL,GOOGL | 2018-02-01
2017-10-26,GOOGL,GOOGL | 2017-10-26
2017-07-24,GOOGL,GOOGL | 2017-07-24
2017-04-27,GOOGL,GOOGL | 2017-04-27
2017-01-26,GOOGL,GOOGL | 2017-01-26
2016-10-27,GOOGL,GOOGL | 2016-10-27
2016-07-28,GOOGL,GOOGL | 2016-07-28
2016-04-21,GOOGL,GOOGL | 2016-04-21
2016-02-01,GOOGL,GOOGL | 2016-02-01
2015-10-22,GOOGL,GOOGL | 2015-10-22
2015-07-16,GOOGL,GOOGL | 2015-07-16
2015-04-23,GOOGL,GOOGL | 2015-04-23
2015-01-29,GOOGL,GOOGL | 2015-01-29
2014-10-16,GOOGL,GOOGL | 2014-10-16
2014-07-17,GOOGL,GOOGL | 2014-07-17
2014-04-16,GOOGL,GOOGL | 2014-04-16
2025-02-25,HD,HD | 2025-02-25
2024-11-12,HD,HD | 2024-11-12
2024-08-13,HD,HD | 2024-08-13
2024-05-14,HD,HD | 2024-05-14
2024-02-20,HD,HD | 2024-02-20
2023-11-14,HD,HD | 2023-11-14
2023-08-15,HD,HD | 2023-08-15
2023-05-16,HD,HD | 2023-05-16
2023-02-21,HD,HD | 2023-02-21
2022-11-15,HD,HD | 2022-11-15
2022-08-16,HD,HD | 2022-08-16
2022-05-17,HD,HD | 2022-05-17
2022-02-22,HD,HD | 2022-02-22
2021-11-16,HD,HD | 2021-11-16
2021-08-17,HD,HD | 2021-08-17
2021-05-18,HD,HD | 2021-05-18
2021-02-23,HD,HD | 2021-02-23
2020-11-17,HD,HD | 2020-11-17
2020-08-18,HD,HD | 2020-08-18
2020-05-19,HD,HD | 2020-05-19
2020-02-25,HD,HD | 2020-02-25
2019-11-19,HD,HD | 2019-11-19
2019-08-20,HD,HD | 2019-08-20
2019-05-21,HD,HD | 2019-05-21
2019-02-26,HD,HD | 2019-02-26
2018-11-13,HD,HD | 2018-11-13
2018-08-14,HD,HD | 2018-08-14
2018-05-15,HD,HD | 2018-05-15
2018-02-20,HD,HD | 2018-02-20
2017-11-14,HD,HD | 2017-11-14
2017-08-15,HD,HD | 2017-08-15
2017-05-16,HD,HD | 2017-05-16
2017-02-21,HD,HD | 2017-02-21
2016-11-15,HD,HD | 2016-11-15
2016-08-16,HD,HD | 2016-08-16
2016-05-17,HD,HD | 2016-05-17
2016-02-23,HD,HD | 2016-02-23
2015-11-17,HD,HD | 2015-11-17
2015-08-18,HD,HD | 2015-08-18
2015-05-19,HD,HD | 2015-05-19
2015-02-24,HD,HD | 2015-02-24
2014-11-18,HD,HD | 2014-11-18
2014-08-19,HD,HD | 2014-08-19
2014-05-20,HD,HD | 2014-05-20
2025-04-29,HON,HON | 2025-04-29
2025-02-06,HON,HON | 2025-02-06
2024-10-24,HON,HON | 2024-10-24
2024-07-25,HON,HON | 2024-07-25
2024-04-25,HON,HON | 2024-04-25
2024-02-01,HON,HON | 2024-02-01
2023-10-26,HON,HON | 2023-10-26
2023-07-27,HON,HON | 2023-07-27
2023-04-27,HON,HON | 2023-04-27
2023-02-02,HON,HON | 2023-02-02
2022-10-27,HON,HON | 2022-10-27
2022-07-28,HON,HON | 2022-07-28
2022-04-29,HON,HON | 2022-04-29
2022-02-03,HON,HON | 2022-02-03
2021-10-22,HON,HON | 2021-10-22
2021-07-23,HON,HON | 2021-07-23
2021-04-23,HON,HON | 2021-04-23
2021-01-29,HON,HON | 2021-01-29
2020-10-30,HON,HON | 2020-10-30
2020-07-24,HON,HON | 2020-07-24
2020-05-01,HON,HON | 2020-05-01
2020-01-31,HON,HON | 2020-01-31
2019-10-17,HON,HON | 2019-10-17
2019-07-18,HON,HON | 2019-07-18
2019-04-18,HON,HON | 2019-04-18
2019-02-01,HON,HON | 2019-02-01
2018-10-19,HON,HON | 2018-10-19
2018-07-20,HON,HON | 2018-07-20
2018-04-20,HON,HON | 2018-04-20
2018-01-26,HON,HON | 2018-01-26
2017-10-20,HON,HON | 2017-10-20
2017-07-21,HON,HON | 2017-07-21
2017-04-21,HON,HON | 2017-04-21
2017-01-27,HON,HON | 2017-01-27
2016-10-21,HON,HON | 2016-10-21
2016-07-22,HON,HON | 2016-07-22
2016-04-22,HON,HON | 2016-04-22
2016-01-29,HON,HON | 2016-01-29
2015-10-16,HON,HON | 2015-10-16
2015-07-17,HON,HON | 2015-07-17
2015-04-17,HON,HON | 2015-04-17
2015-01-23,HON,HON | 2015-01-23
2014-10-17,HON,HON | 2014-10-17
2014-07-18,HON,HON | 2014-07-18
2014-04-17,HON,HON | 2014-04-17
2025-04-23,IBM,IBM | 2025-04-23
2025-01-29,IBM,IBM | 2025-01-29
2024-10-23,IBM,IBM | 2024-10-23
2024-07-24,IBM,IBM | 2024-07-24
2024-04-24,IBM,IBM | 2024-04-24
2024-01-24,IBM,IBM | 2024-01-24
2023-10-25,IBM,IBM | 2023-10-25
2023-07-19,IBM,IBM | 2023-07-19
2023-04-19,IBM,IBM | 2023-04-19
2023-01-25,IBM,IBM | 2023-01-25
2022-10-19,IBM,IBM | 2022-10-19
2022-07-18,IBM,IBM | 2022-07-18
2022-04-19,IBM,IBM | 2022-04-19
2022-01-24,IBM,IBM | 2022-01-24
2021-10-20,IBM,IBM | 2021-10-20
2021-07-19,IBM,IBM | 2021-07-19
2021-04-19,IBM,IBM | 2021-04-19
2021-01-21,IBM,IBM | 2021-01-21
2020-10-19,IBM,IBM | 2020-10-19
2020-07-20,IBM,IBM | 2020-07-20
2020-04-20,IBM,IBM | 2020-04-20
2020-01-21,IBM,IBM | 2020-01-21
2019-10-16,IBM,IBM | 2019-10-16
2019-07-17,IBM,IBM | 2019-07-17
2019-04-16,IBM,IBM | 2019-04-16
2019-01-22,IBM,IBM | 2019-01-22
2018-10-16,IBM,IBM | 2018-10-16
2018-07-18,IBM,IBM | 2018-07-18
2018-04-17,IBM,IBM | 2018-04-17
2018-01-18,IBM,IBM | 2018-01-18
2017-10-17,IBM,IBM | 2017-10-17
2017-07-18,IBM,IBM | 2017-07-18
2017-04-18,IBM,IBM | 2017-04-18
2017-01-19,IBM,IBM | 2017-01-19
2016-10-17,IBM,IBM | 2016-10-17
2016-07-18,IBM,IBM | 2016-07-18
2016-04-18,IBM,IBM | 2016-04-18
2016-01-19,IBM,IBM | 2016-01-19
2015-10-19,IBM,IBM | 2015-10-19
2015-07-20,IBM,IBM | 2015-07-20
2015-04-20,IBM,IBM | 2015-04-20
2015-01-20,IBM,IBM | 2015-01-20
2014-10-20,IBM,IBM | 2014-10-20
2014-07-17,IBM,IBM | 2014-07-17
2014-04-16,IBM,IBM | 2014-04-16
2025-04-24,INTC,INTC | 2025-04-24
2025-01-30,INTC,INTC | 2025-01-30
2024-10-31,INTC,INTC | 2024-10-31
2024-08-01,INTC,INTC | 2024-08-01
2024-04-25,INTC,INTC | 2024-04-25
2024-01-25,INTC,INTC | 2024-01-25
2023-10-26,INTC,INTC | 2023-10-26
2023-07-27,INTC,INTC | 2023-07-27
2023-04-27,INTC,INTC | 2023-04-27
2023-01-26,INTC,INTC | 2023-01-26
2022-10-27,INTC,INTC | 2022-10-27
2022-07-28,INTC,INTC | 2022-07-28
2022-04-28,INTC,INTC | 2022-04-28
2022-01-26,INTC,INTC | 2022-01-26
2021-10-21,INTC,INTC | 2021-10-21
2021-07-22,INTC,INTC | 2021-07-22
2021-04-22,INTC,INTC | 2021-04-22
2021-01-21,INTC,INTC | 2021-01-21
2020-10-22,INTC,INTC | 2020-10-22
2020-07-23,INTC,INTC | 2020-07-23
2020-04-23,INTC,INTC | 2020-04-23
2020-01-23,INTC,INTC | 2020-01-23
2019-10-24,INTC,INTC | 2019-10-24
2019-07-25,INTC,INTC | 2019-07-25
2019-04-25,INTC,INTC | 2019-04-25
2019-01-24,INTC,INTC | 2019-01-24
2018-10-25,INTC,INTC | 2018-10-25
2018-07-26,INTC,INTC | 2018-07-26
2018-04-26,INTC,INTC | 2018-04-26
2018-01-25,INTC,INTC | 2018-01-25
2017-10-26,INTC,INTC | 2017-10-26
2017-07-27,INTC,INTC | 2017-07-27
2017-04-27,INTC,INTC | 2017-04-27
2017-01-26,INTC,INTC | 2017-01-26
2016-10-18,INTC,INTC | 2016-10-18
2016-07-20,INTC,INTC | 2016-07-20
2016-04-19,INTC,INTC | 2016-04-19
2016-01-14,INTC,INTC | 2016-01-14
2015-10-13,INTC,INTC | 2015-10-13
2015-07-15,INTC,INTC | 2015-07-15
2015-04-14,INTC,INTC | 2015-04-14
2015-01-15,INTC,INTC | 2015-01-15
2014-10-14,INTC,INTC | 2014-10-14
2014-07-15,INTC,INTC | 2014-07-15
2014-04-15,INTC,INTC | 2014-04-15
2025-04-15,JNJ,JNJ | 2025-04-15
2025-01-22,JNJ,JNJ | 2025-01-22
2024-10-15,JNJ,JNJ | 2024-10-15
2024-07-17,JNJ,JNJ | 2024-07-17
2024-04-16,JNJ,JNJ | 2024-04-16
2024-01-23,JNJ,JNJ | 2024-01-23
2023-10-17,JNJ,JNJ | 2023-10-17
2023-07-20,JNJ,JNJ | 2023-07-20
2023-04-18,JNJ,JNJ | 2023-04-18
2023-01-24,JNJ,JNJ | 2023-01-24
2022-10-18,JNJ,JNJ | 2022-10-18
2022-07-19,JNJ,JNJ | 2022-07-19
2022-04-19,JNJ,JNJ | 2022-04-19
2022-01-25,JNJ,JNJ | 2022-01-25
2021-10-19,JNJ,JNJ | 2021-10-19
2021-07-21,JNJ,JNJ | 2021-07-21
2021-04-20,JNJ,JNJ | 2021-04-20
2021-01-26,JNJ,JNJ | 2021-01-26
2020-10-13,JNJ,JNJ | 2020-10-13
2020-07-16,JNJ,JNJ | 2020-07-16
2020-04-14,JNJ,JNJ | 2020-04-14
2020-01-22,JNJ,JNJ | 2020-01-22
2019-10-15,JNJ,JNJ | 2019-10-15
2019-07-16,JNJ,JNJ | 2019-07-16
2019-04-16,JNJ,JNJ | 2019-04-16
2019-01-22,JNJ,JNJ | 2019-01-22
2018-10-16,JNJ,JNJ | 2018-10-16
2018-07-17,JNJ,JNJ | 2018-07-17
2018-04-17,JNJ,JNJ | 2018-04-17
2018-01-23,JNJ,JNJ | 2018-01-23
2017-10-17,JNJ,JNJ | 2017-10-17
2017-07-18,JNJ,JNJ | 2017-07-18
2017-04-18,JNJ,JNJ | 2017-04-18
2017-01-24,JNJ,JNJ | 2017-01-24
2016-10-18,JNJ,JNJ | 2016-10-18
2016-07-19,JNJ,JNJ | 2016-07-19
2016-04-19,JNJ,JNJ | 2016-04-19
2016-01-26,JNJ,JNJ | 2016-01-26
2015-10-13,JNJ,JNJ | 2015-10-13
2015-07-14,JNJ,JNJ | 2015-07-14
2015-04-14,JNJ,JNJ | 2015-04-14
2015-01-20,JNJ,JNJ | 2015-01-20
2014-10-14,JNJ,JNJ | 2014-10-14
2014-07-15,JNJ,JNJ | 2014-07-15
2014-04-15,JNJ,JNJ | 2014-04-15
2025-04-11,JPM,JPM | 2025-04-11
2025-01-15,JPM,JPM | 2025-01-15
2024-10-11,JPM,JPM | 2024-10-11
2024-07-12,JPM,JPM | 2024-07-12
2024-04-12,JPM,JPM | 2024-04-12
2024-01-12,JPM,JPM | 2024-01-12
2023-10-13,JPM,JPM | 2023-10-13
2023-07-14,JPM,JPM | 2023-07-14
2023-04-14,JPM,JPM | 2023-04-14
2023-01-13,JPM,JPM | 2023-01-13
2022-10-14,JPM,JPM | 2022-10-14
2022-07-14,JPM,JPM | 2022-07-14
2022-04-13,JPM,JPM | 2022-04-13
2022-01-14,JPM,JPM | 2022-01-14
2021-10-13,JPM,JPM | 2021-10-13
2021-07-13,JPM,JPM | 2021-07-13
2021-04-14,JPM,JPM | 2021-04-14
2021-01-15,JPM,JPM | 2021-01-15
2020-10-13,JPM,JPM | 2020-10-13
2020-07-14,JPM,JPM | 2020-07-14
2020-04-14,JPM,JPM | 2020-04-14
2020-01-14,JPM,JPM | 2020-01-14
2019-10-15,JPM,JPM | 2019-10-15
2019-07-16,JPM,JPM | 2019-07-16
2019-04-12,JPM,JPM | 2019-04-12
2019-01-15,JPM,JPM | 2019-01-15
2018-10-12,JPM,JPM | 2018-10-12
2018-07-13,JPM,JPM | 2018-07-13
2018-04-13,JPM,JPM | 2018-04-13
2018-01-12,JPM,JPM | 2018-01-12
2017-10-12,JPM,JPM | 2017-10-12
2017-07-14,JPM,JPM | 2017-07-14
2017-04-13,JPM,JPM | 2017-04-13
2017-01-13,JPM,JPM | 2017-01-13
2016-10-14,JPM,JPM | 2016-10-14
2016-07-14,JPM,JPM | 2016-07-14
2016-04-13,JPM,JPM | 2016-04-13
2016-01-14,JPM,JPM | 2016-01-14
2015-10-13,JPM,JPM | 2015-10-13
2015-07-14,JPM,JPM | 2015-07-14
2015-04-14,JPM,JPM | 2015-04-14
2015-01-14,JPM,JPM | 2015-01-14
2014-10-14,JPM,JPM | 2014-10-14
2014-07-15,JPM,JPM | 2014-07-15
2025-04-29,KO,KO | 2025-04-29
2025-02-11,KO,KO | 2025-02-11
2024-10-23,KO,KO | 2024-10-23
2024-07-23,KO,KO | 2024-07-23
2024-04-30,KO,KO | 2024-04-30
2024-02-13,KO,KO | 2024-02-13
2023-10-24,KO,KO | 2023-10-24
2023-07-26,KO,KO | 2023-07-26
2023-04-24,KO,KO | 2023-04-24
2023-02-14,KO,KO | 2023-02-14
2022-10-25,KO,KO | 2022-10-25
2022-07-26,KO,KO | 2022-07-26
2022-04-25,KO,KO | 2022-04-25
2022-02-10,KO,KO | 2022-02-10
2021-10-27,KO,KO | 2021-10-27
2021-07-21,KO,KO | 2021-07-21
2021-04-19,KO,KO | 2021-04-19
2021-02-10,KO,KO | 2021-02-10
2020-10-22,KO,KO | 2020-10-22
2020-07-21,KO,KO | 2020-07-21
2020-04-21,KO,KO | 2020-04-21
2020-01-30,KO,KO | 2020-01-30
2019-10-18,KO,KO | 2019-10-18
2019-07-23,KO,KO | 2019-07-23
2019-04-23,KO,KO | 2019-04-23
2019-02-14,KO,KO | 2019-02-14
2018-10-30,KO,KO | 2018-10-30
2018-07-25,KO,KO | 2018-07-25
2018-04-24,KO,KO | 2018-04-24
2018-02-16,KO,KO | 2018-02-16
2017-10-25,KO,KO | 2017-10-25
2017-07-26,KO,KO | 2017-07-26
2017-04-25,KO,KO | 2017-04-25
2017-02-09,KO,KO | 2017-02-09
2016-10-26,KO,KO | 2016-10-26
2016-07-27,KO,KO | 2016-07-27
2016-04-20,KO,KO | 2016-04-20
2016-02-09,KO,KO | 2016-02-09
2015-10-21,KO,KO | 2015-10-21
2015-07-22,KO,KO | 2015-07-22
2015-04-22,KO,KO | 2015-04-22
2015-02-10,KO,KO | 2015-02-10
2014-10-21,KO,KO | 2014-10-21
2014-07-22,KO,KO | 2014-07-22
2014-04-15,KO,KO | 2014-04-15
2025-05-01,LIN,LIN | 2025-05-01
2025-02-06,LIN,LIN | 2025-02-06
2024-10-31,LIN,LIN | 2024-10-31
2024-08-02,LIN,LIN | 2024-08-02
2024-05-02,LIN,LIN | 2024-05-02
2024-02-06,LIN,LIN | 2024-02-06
2023-10-26,LIN,LIN | 2023-10-26
2023-07-27,LIN,LIN | 2023-07-27
2023-04-27,LIN,LIN | 2023-04-27
2023-02-07,LIN,LIN | 2023-02-07
2022-10-27,LIN,LIN | 2022-10-27
2022-07-28,LIN,LIN | 2022-07-28
2022-04-28,LIN,LIN | 2022-04-28
2022-02-10,LIN,LIN | 2022-02-10
2021-10-28,LIN,LIN | 2021-10-28
2021-07-30,LIN,LIN | 2021-07-30
2021-05-06,LIN,LIN | 2021-05-06
2021-02-05,LIN,LIN | 2021-02-05
2020-11-05,LIN,LIN | 2020-11-05
2020-07-30,LIN,LIN | 2020-07-30
2020-05-07,LIN,LIN | 2020-05-07
2020-02-13,LIN,LIN | 2020-02-13
2019-11-12,LIN,LIN | 2019-11-12
2019-08-05,LIN,LIN | 2019-08-05
2019-05-10,LIN,LIN | 2019-05-10
2019-03-18,LIN,LIN | 2019-03-18
2018-12-06,LIN,LIN | 2018-12-06
2019-08-05,LIN,LIN | 2019-08-05
2018-06-05,LIN,LIN | 2018-06-05
2025-05-01,LLY,LLY | 2025-05-01
2025-02-06,LLY,LLY | 2025-02-06
2024-10-30,LLY,LLY | 2024-10-30
2024-08-08,LLY,LLY | 2024-08-08
2024-04-30,LLY,LLY | 2024-04-30
2024-02-06,LLY,LLY | 2024-02-06
2023-11-02,LLY,LLY | 2023-11-02
2023-08-08,LLY,LLY | 2023-08-08
2023-04-27,LLY,LLY | 2023-04-27
2023-02-02,LLY,LLY | 2023-02-02
2022-11-01,LLY,LLY | 2022-11-01
2022-08-04,LLY,LLY | 2022-08-04
2022-04-28,LLY,LLY | 2022-04-28
2022-02-03,LLY,LLY | 2022-02-03
2021-10-26,LLY,LLY | 2021-10-26
2021-08-03,LLY,LLY | 2021-08-03
2021-04-27,LLY,LLY | 2021-04-27
2021-01-29,LLY,LLY | 2021-01-29
2020-10-27,LLY,LLY | 2020-10-27
2020-07-30,LLY,LLY | 2020-07-30
2020-04-23,LLY,LLY | 2020-04-23
2020-01-30,LLY,LLY | 2020-01-30
2019-10-23,LLY,LLY | 2019-10-23
2019-07-30,LLY,LLY | 2019-07-30
2019-04-30,LLY,LLY | 2019-04-30
2019-02-06,LLY,LLY | 2019-02-06
2018-11-06,LLY,LLY | 2018-11-06
2018-07-24,LLY,LLY | 2018-07-24
2018-04-24,LLY,LLY | 2018-04-24
2018-01-31,LLY,LLY | 2018-01-31
2017-10-24,LLY,LLY | 2017-10-24
2017-07-25,LLY,LLY | 2017-07-25
2017-04-25,LLY,LLY | 2017-04-25
2017-01-31,LLY,LLY | 2017-01-31
2016-10-25,LLY,LLY | 2016-10-25
2016-07-26,LLY,LLY | 2016-07-26
2016-04-26,LLY,LLY | 2016-04-26
2016-01-28,LLY,LLY | 2016-01-28
2015-10-22,LLY,LLY | 2015-10-22
2015-07-23,LLY,LLY | 2015-07-23
2015-04-23,LLY,LLY | 2015-04-23
2015-01-30,LLY,LLY | 2015-01-30
2014-10-23,LLY,LLY | 2014-10-23
2014-07-24,LLY,LLY | 2014-07-24
2014-04-24,LLY,LLY | 2014-04-24
2025-05-01,MA,MA | 2025-05-01
2025-01-30,MA,MA | 2025-01-30
2024-10-31,MA,MA | 2024-10-31
2024-07-31,MA,MA | 2024-07-31
2024-05-01,MA,MA | 2024-05-01
2024-01-31,MA,MA | 2024-01-31
2023-10-26,MA,MA | 2023-10-26
2023-07-27,MA,MA | 2023-07-27
2023-04-27,MA,MA | 2023-04-27
2023-01-26,MA,MA | 2023-01-26
2022-10-27,MA,MA | 2022-10-27
2022-07-28,MA,MA | 2022-07-28
2022-04-28,MA,MA | 2022-04-28
2022-01-27,MA,MA | 2022-01-27
2021-10-28,MA,MA | 2021-10-28
2021-07-29,MA,MA | 2021-07-29
2021-04-29,MA,MA | 2021-04-29
2021-01-28,MA,MA | 2021-01-28
2020-10-28,MA,MA | 2020-10-28
2020-07-30,MA,MA | 2020-07-30
2020-04-29,MA,MA | 2020-04-29
2020-01-29,MA,MA | 2020-01-29
2019-10-29,MA,MA | 2019-10-29
2019-07-30,MA,MA | 2019-07-30
2019-04-30,MA,MA | 2019-04-30
2019-01-31,MA,MA | 2019-01-31
2018-10-30,MA,MA | 2018-10-30
2018-07-26,MA,MA | 2018-07-26
2018-05-02,MA,MA | 2018-05-02
2018-02-01,MA,MA | 2018-02-01
2017-10-31,MA,MA | 2017-10-31
2017-07-27,MA,MA | 2017-07-27
2017-05-02,MA,MA | 2017-05-02
2017-01-31,MA,MA | 2017-01-31
2016-10-28,MA,MA | 2016-10-28
2016-07-28,MA,MA | 2016-07-28
2016-04-28,MA,MA | 2016-04-28
2016-01-29,MA,MA | 2016-01-29
2015-10-29,MA,MA | 2015-10-29
2015-07-29,MA,MA | 2015-07-29
2015-04-29,MA,MA | 2015-04-29
2015-01-30,MA,MA | 2015-01-30
2014-10-30,MA,MA | 2014-10-30
2014-07-31,MA,MA | 2014-07-31
2014-05-01,MA,MA | 2014-05-01
2025-05-01,MCD,MCD | 2025-05-01
2025-02-10,MCD,MCD | 2025-02-10
2024-10-29,MCD,MCD | 2024-10-29
2024-07-29,MCD,MCD | 2024-07-29
2024-04-30,MCD,MCD | 2024-04-30
2024-02-05,MCD,MCD | 2024-02-05
2023-10-30,MCD,MCD | 2023-10-30
2023-07-27,MCD,MCD | 2023-07-27
2023-04-25,MCD,MCD | 2023-04-25
2023-01-31,MCD,MCD | 2023-01-31
2022-10-27,MCD,MCD | 2022-10-27
2022-07-26,MCD,MCD | 2022-07-26
2022-04-28,MCD,MCD | 2022-04-28
2022-01-27,MCD,MCD | 2022-01-27
2021-10-27,MCD,MCD | 2021-10-27
2021-07-28,MCD,MCD | 2021-07-28
2021-04-29,MCD,MCD | 2021-04-29
2021-01-28,MCD,MCD | 2021-01-28
2020-11-09,MCD,MCD | 2020-11-09
2020-07-28,MCD,MCD | 2020-07-28
2020-04-30,MCD,MCD | 2020-04-30
2020-01-29,MCD,MCD | 2020-01-29
2019-10-22,MCD,MCD | 2019-10-22
2019-07-26,MCD,MCD | 2019-07-26
2019-04-30,MCD,MCD | 2019-04-30
2019-01-30,MCD,MCD | 2019-01-30
2018-10-23,MCD,MCD | 2018-10-23
2018-07-26,MCD,MCD | 2018-07-26
2018-04-30,MCD,MCD | 2018-04-30
2018-01-30,MCD,MCD | 2018-01-30
2017-10-24,MCD,MCD | 2017-10-24
2017-07-25,MCD,MCD | 2017-07-25
2017-04-25,MCD,MCD | 2017-04-25
2017-01-23,MCD,MCD | 2017-01-23
2016-10-21,MCD,MCD | 2016-10-21
2016-07-26,MCD,MCD | 2016-07-26
2016-04-22,MCD,MCD | 2016-04-22
2016-01-25,MCD,MCD | 2016-01-25
2015-10-22,MCD,MCD | 2015-10-22
2015-07-23,MCD,MCD | 2015-07-23
2015-04-22,MCD,MCD | 2015-04-22
2015-01-23,MCD,MCD | 2015-01-23
2014-10-21,MCD,MCD | 2014-10-21
2014-07-22,MCD,MCD | 2014-07-22
2014-04-22,MCD,MCD | 2014-04-22
2025-04-30,META,META | 2025-04-30
2025-01-29,META,META | 2025-01-29
2024-10-30,META,META | 2024-10-30
2024-07-31,META,META | 2024-07-31
2024-04-24,META,META | 2024-04-24
2024-02-01,META,META | 2024-02-01
2023-10-25,META,META | 2023-10-25
2023-07-26,META,META | 2023-07-26
2023-04-26,META,META | 2023-04-26
2023-02-01,META,META | 2023-02-01
2022-10-26,META,META | 2022-10-26
2022-07-27,META,META | 2022-07-27
2022-04-27,META,META | 2022-04-27
2022-02-02,META,META | 2022-02-02
2021-10-25,META,META | 2021-10-25
2021-07-28,META,META | 2021-07-28
2021-04-28,META,META | 2021-04-28
2021-01-27,META,META | 2021-01-27
2020-10-29,META,META | 2020-10-29
2020-07-30,META,META | 2020-07-30
2020-04-29,META,META | 2020-04-29
2020-01-29,META,META | 2020-01-29
2019-10-30,META,META | 2019-10-30
2019-07-24,META,META | 2019-07-24
2019-04-24,META,META | 2019-04-24
2019-01-30,META,META | 2019-01-30
2018-10-30,META,META | 2018-10-30
2018-07-25,META,META | 2018-07-25
2018-04-25,META,META | 2018-04-25
2018-01-31,META,META | 2018-01-31
2017-11-01,META,META | 2017-11-01
2017-07-26,META,META | 2017-07-26
2017-05-03,META,META | 2017-05-03
2017-02-01,META,META | 2017-02-01
2016-11-02,META,META | 2016-11-02
2016-07-27,META,META | 2016-07-27
2016-04-27,META,META | 2016-04-27
2016-01-27,META,META | 2016-01-27
2015-11-04,META,META | 2015-11-04
2015-07-29,META,META | 2015-07-29
2015-04-22,META,META | 2015-04-22
2015-01-28,META,META | 2015-01-28
2014-10-28,META,META | 2014-10-28
2014-07-23,META,META | 2014-07-23
2014-04-23,META,META | 2014-04-23
2025-04-30,MLM,MLM | 2025-04-30
2025-02-12,MLM,MLM | 2025-02-12
2024-10-30,MLM,MLM | 2024-10-30
2024-08-08,MLM,MLM | 2024-08-08
2024-04-30,MLM,MLM | 2024-04-30
2024-02-14,MLM,MLM | 2024-02-14
2023-11-01,MLM,MLM | 2023-11-01
2023-07-27,MLM,MLM | 2023-07-27
2023-05-04,MLM,MLM | 2023-05-04
2023-02-15,MLM,MLM | 2023-02-15
2022-11-02,MLM,MLM | 2022-11-02
2022-07-28,MLM,MLM | 2022-07-28
2022-05-03,MLM,MLM | 2022-05-03
2022-02-10,MLM,MLM | 2022-02-10
2021-11-02,MLM,MLM | 2021-11-02
2021-07-29,MLM,MLM | 2021-07-29
2021-05-04,MLM,MLM | 2021-05-04
2021-02-09,MLM,MLM | 2021-02-09
2020-10-29,MLM,MLM | 2020-10-29
2020-07-28,MLM,MLM | 2020-07-28
2020-05-05,MLM,MLM | 2020-05-05
2020-02-11,MLM,MLM | 2020-02-11
2019-10-29,MLM,MLM | 2019-10-29
2019-07-30,MLM,MLM | 2019-07-30
2019-04-30,MLM,MLM | 2019-04-30
2019-02-12,MLM,MLM | 2019-02-12
2018-11-06,MLM,MLM | 2018-11-06
2018-07-26,MLM,MLM | 2018-07-26
2018-05-08,MLM,MLM | 2018-05-08
2018-02-13,MLM,MLM | 2018-02-13
2017-11-02,MLM,MLM | 2017-11-02
2017-08-01,MLM,MLM | 2017-08-01
2017-05-02,MLM,MLM | 2017-05-02
2017-02-14,MLM,MLM | 2017-02-14
2016-11-01,MLM,MLM | 2016-11-01
2016-08-02,MLM,MLM | 2016-08-02
2016-05-05,MLM,MLM | 2016-05-05
2016-02-09,MLM,MLM | 2016-02-09
2015-11-03,MLM,MLM | 2015-11-03
2015-08-04,MLM,MLM | 2015-08-04
2015-04-30,MLM,MLM | 2015-04-30
2015-02-10,MLM,MLM | 2015-02-10
2014-10-28,MLM,MLM | 2014-10-28
2014-07-29,MLM,MLM | 2014-07-29
2014-04-29,MLM,MLM | 2014-04-29
2025-04-24,MRK,MRK | 2025-04-24
2025-02-04,MRK,MRK | 2025-02-04
2024-10-31,MRK,MRK | 2024-10-31
2024-07-30,MRK,MRK | 2024-07-30
2024-04-25,MRK,MRK | 2024-04-25
2024-02-01,MRK,MRK | 2024-02-01
2023-10-26,MRK,MRK | 2023-10-26
2023-08-01,MRK,MRK | 2023-08-01
2023-04-27,MRK,MRK | 2023-04-27
2023-02-02,MRK,MRK | 2023-02-02
2022-10-27,MRK,MRK | 2022-10-27
2022-07-28,MRK,MRK | 2022-07-28
2022-04-28,MRK,MRK | 2022-04-28
2022-02-03,MRK,MRK | 2022-02-03
2021-10-28,MRK,MRK | 2021-10-28
2021-07-29,MRK,MRK | 2021-07-29
2021-04-29,MRK,MRK | 2021-04-29
2021-02-04,MRK,MRK | 2021-02-04
2020-10-27,MRK,MRK | 2020-10-27
2020-07-31,MRK,MRK | 2020-07-31
2020-04-28,MRK,MRK | 2020-04-28
2020-02-05,MRK,MRK | 2020-02-05
2019-10-29,MRK,MRK | 2019-10-29
2019-07-30,MRK,MRK | 2019-07-30
2019-04-30,MRK,MRK | 2019-04-30
2019-02-01,MRK,MRK | 2019-02-01
2018-10-25,MRK,MRK | 2018-10-25
2018-07-27,MRK,MRK | 2018-07-27
2018-05-01,MRK,MRK | 2018-05-01
2018-02-02,MRK,MRK | 2018-02-02
2017-10-27,MRK,MRK | 2017-10-27
2017-07-28,MRK,MRK | 2017-07-28
2017-05-02,MRK,MRK | 2017-05-02
2017-02-02,MRK,MRK | 2017-02-02
2016-10-25,MRK,MRK | 2016-10-25
2016-07-29,MRK,MRK | 2016-07-29
2016-05-05,MRK,MRK | 2016-05-05
2016-02-03,MRK,MRK | 2016-02-03
2015-10-27,MRK,MRK | 2015-10-27
2015-07-28,MRK,MRK | 2015-07-28
2015-04-28,MRK,MRK | 2015-04-28
2015-02-04,MRK,MRK | 2015-02-04
2014-10-27,MRK,MRK | 2014-10-27
2014-07-29,MRK,MRK | 2014-07-29
2014-04-29,MRK,MRK | 2014-04-29
2025-04-11,MS,MS | 2025-04-11
2025-01-16,MS,MS | 2025-01-16
2024-10-16,MS,MS | 2024-10-16
2024-07-16,MS,MS | 2024-07-16
2024-04-16,MS,MS | 2024-04-16
2024-01-16,MS,MS | 2024-01-16
2023-10-18,MS,MS | 2023-10-18
2023-07-18,MS,MS | 2023-07-18
2023-04-19,MS,MS | 2023-04-19
2023-01-17,MS,MS | 2023-01-17
2022-10-14,MS,MS | 2022-10-14
2022-07-14,MS,MS | 2022-07-14
2022-04-14,MS,MS | 2022-04-14
2022-01-19,MS,MS | 2022-01-19
2021-10-14,MS,MS | 2021-10-14
2021-07-15,MS,MS | 2021-07-15
2021-04-16,MS,MS | 2021-04-16
2021-01-20,MS,MS | 2021-01-20
2020-10-15,MS,MS | 2020-10-15
2020-07-16,MS,MS | 2020-07-16
2020-04-16,MS,MS | 2020-04-16
2020-01-16,MS,MS | 2020-01-16
2019-10-17,MS,MS | 2019-10-17
2019-07-18,MS,MS | 2019-07-18
2019-04-17,MS,MS | 2019-04-17
2019-01-17,MS,MS | 2019-01-17
2018-10-16,MS,MS | 2018-10-16
2018-07-18,MS,MS | 2018-07-18
2018-04-18,MS,MS | 2018-04-18
2018-01-18,MS,MS | 2018-01-18
2017-10-17,MS,MS | 2017-10-17
2017-07-19,MS,MS | 2017-07-19
2017-04-19,MS,MS | 2017-04-19
2017-01-17,MS,MS | 2017-01-17
2016-10-19,MS,MS | 2016-10-19
2016-07-20,MS,MS | 2016-07-20
2016-04-18,MS,MS | 2016-04-18
2016-01-19,MS,MS | 2016-01-19
2015-10-19,MS,MS | 2015-10-19
2015-07-20,MS,MS | 2015-07-20
2015-04-20,MS,MS | 2015-04-20
2015-01-20,MS,MS | 2015-01-20
2014-10-17,MS,MS | 2014-10-17
2014-07-17,MS,MS | 2014-07-17
2025-04-30,MSFT,MSFT | 2025-04-30
2025-01-29,MSFT,MSFT | 2025-01-29
2024-10-30,MSFT,MSFT | 2024-10-30
2024-07-30,MSFT,MSFT | 2024-07-30
2024-04-25,MSFT,MSFT | 2024-04-25
2024-01-30,MSFT,MSFT | 2024-01-30
2023-10-24,MSFT,MSFT | 2023-10-24
2023-07-25,MSFT,MSFT | 2023-07-25
2023-04-25,MSFT,MSFT | 2023-04-25
2023-01-24,MSFT,MSFT | 2023-01-24
2022-10-25,MSFT,MSFT | 2022-10-25
2022-07-26,MSFT,MSFT | 2022-07-26
2022-04-26,MSFT,MSFT | 2022-04-26
2022-01-25,MSFT,MSFT | 2022-01-25
2021-10-26,MSFT,MSFT | 2021-10-26
2021-07-27,MSFT,MSFT | 2021-07-27
2021-04-27,MSFT,MSFT | 2021-04-27
2021-01-26,MSFT,MSFT | 2021-01-26
2020-10-27,MSFT,MSFT | 2020-10-27
2020-07-22,MSFT,MSFT | 2020-07-22
2020-04-29,MSFT,MSFT | 2020-04-29
2020-01-29,MSFT,MSFT | 2020-01-29
2019-10-23,MSFT,MSFT | 2019-10-23
2019-07-18,MSFT,MSFT | 2019-07-18
2019-04-24,MSFT,MSFT | 2019-04-24
2019-01-30,MSFT,MSFT | 2019-01-30
2018-10-24,MSFT,MSFT | 2018-10-24
2018-07-19,MSFT,MSFT | 2018-07-19
2018-04-26,MSFT,MSFT | 2018-04-26
2018-01-31,MSFT,MSFT | 2018-01-31
2017-10-26,MSFT,MSFT | 2017-10-26
2017-07-20,MSFT,MSFT | 2017-07-20
2017-04-27,MSFT,MSFT | 2017-04-27
2017-01-26,MSFT,MSFT | 2017-01-26
2016-10-20,MSFT,MSFT | 2016-10-20
2016-07-19,MSFT,MSFT | 2016-07-19
2016-04-21,MSFT,MSFT | 2016-04-21
2016-01-28,MSFT,MSFT | 2016-01-28
2015-10-22,MSFT,MSFT | 2015-10-22
2015-07-21,MSFT,MSFT | 2015-07-21
2015-04-23,MSFT,MSFT | 2015-04-23
2015-01-26,MSFT,MSFT | 2015-01-26
2014-10-23,MSFT,MSFT | 2014-10-23
2014-07-22,MSFT,MSFT | 2014-07-22
2014-04-24,MSFT,MSFT | 2014-04-24
2025-04-17,NFLX,NFLX | 2025-04-17
2025-01-21,NFLX,NFLX | 2025-01-21
2024-10-17,NFLX,NFLX | 2024-10-17
2024-07-18,NFLX,NFLX | 2024-07-18
2024-04-18,NFLX,NFLX | 2024-04-18
2024-01-23,NFLX,NFLX | 2024-01-23
2023-10-18,NFLX,NFLX | 2023-10-18
2023-07-19,NFLX,NFLX | 2023-07-19
2023-04-18,NFLX,NFLX | 2023-04-18
2023-01-19,NFLX,NFLX | 2023-01-19
2022-10-18,NFLX,NFLX | 2022-10-18
2022-07-19,NFLX,NFLX | 2022-07-19
2022-04-19,NFLX,NFLX | 2022-04-19
2022-01-20,NFLX,NFLX | 2022-01-20
2021-10-19,NFLX,NFLX | 2021-10-19
2021-07-20,NFLX,NFLX | 2021-07-20
2021-04-20,NFLX,NFLX | 2021-04-20
2021-01-19,NFLX,NFLX | 2021-01-19
2020-10-20,NFLX,NFLX | 2020-10-20
2020-07-16,NFLX,NFLX | 2020-07-16
2020-04-21,NFLX,NFLX | 2020-04-21
2020-01-21,NFLX,NFLX | 2020-01-21
2019-10-16,NFLX,NFLX | 2019-10-16
2019-07-17,NFLX,NFLX | 2019-07-17
2019-04-16,NFLX,NFLX | 2019-04-16
2019-01-17,NFLX,NFLX | 2019-01-17
2018-10-16,NFLX,NFLX | 2018-10-16
2018-07-16,NFLX,NFLX | 2018-07-16
2018-04-16,NFLX,NFLX | 2018-04-16
2018-01-22,NFLX,NFLX | 2018-01-22
2017-10-16,NFLX,NFLX | 2017-10-16
2017-07-17,NFLX,NFLX | 2017-07-17
2017-04-17,NFLX,NFLX | 2017-04-17
2017-01-18,NFLX,NFLX | 2017-01-18
2016-10-17,NFLX,NFLX | 2016-10-17
2016-07-18,NFLX,NFLX | 2016-07-18
2016-04-18,NFLX,NFLX | 2016-04-18
2016-01-19,NFLX,NFLX | 2016-01-19
2015-10-14,NFLX,NFLX | 2015-10-14
2015-07-15,NFLX,NFLX | 2015-07-15
2015-04-15,NFLX,NFLX | 2015-04-15
2015-01-20,NFLX,NFLX | 2015-01-20
2014-10-15,NFLX,NFLX | 2014-10-15
2014-07-21,NFLX,NFLX | 2014-07-21
2014-04-21,NFLX,NFLX | 2014-04-21
2025-03-20,NKE,NKE | 2025-03-20
2024-12-19,NKE,NKE | 2024-12-19
2024-10-01,NKE,NKE | 2024-10-01
2024-06-27,NKE,NKE | 2024-06-27
2024-03-21,NKE,NKE | 2024-03-21
2023-12-21,NKE,NKE | 2023-12-21
2023-09-28,NKE,NKE | 2023-09-28
2023-06-29,NKE,NKE | 2023-06-29
2023-03-21,NKE,NKE | 2023-03-21
2022-12-20,NKE,NKE | 2022-12-20
2022-09-29,NKE,NKE | 2022-09-29
2022-06-27,NKE,NKE | 2022-06-27
2022-03-21,NKE,NKE | 2022-03-21
2021-12-20,NKE,NKE | 2021-12-20
2021-09-23,NKE,NKE | 2021-09-23
2021-06-24,NKE,NKE | 2021-06-24
2021-03-18,NKE,NKE | 2021-03-18
2020-12-18,NKE,NKE | 2020-12-18
2020-09-22,NKE,NKE | 2020-09-22
2020-06-25,NKE,NKE | 2020-06-25
2020-03-24,NKE,NKE | 2020-03-24
2019-12-19,NKE,NKE | 2019-12-19
2019-09-24,NKE,NKE | 2019-09-24
2019-06-27,NKE,NKE | 2019-06-27
2019-03-21,NKE,NKE | 2019-03-21
2018-12-20,NKE,NKE | 2018-12-20
2018-09-25,NKE,NKE | 2018-09-25
2018-06-28,NKE,NKE | 2018-06-28
2018-03-22,NKE,NKE | 2018-03-22
2017-12-21,NKE,NKE | 2017-12-21
2017-09-26,NKE,NKE | 2017-09-26
2017-06-29,NKE,NKE | 2017-06-29
2017-03-21,NKE,NKE | 2017-03-21
2016-12-20,NKE,NKE | 2016-12-20
2016-09-27,NKE,NKE | 2016-09-27
2016-06-28,NKE,NKE | 2016-06-28
2016-03-22,NKE,NKE | 2016-03-22
2015-12-22,NKE,NKE | 2015-12-22
2015-09-24,NKE,NKE | 2015-09-24
2015-06-25,NKE,NKE | 2015-06-25
2015-03-19,NKE,NKE | 2015-03-19
2014-12-18,NKE,NKE | 2014-12-18
2014-09-25,NKE,NKE | 2014-09-25
2014-06-26,NKE,NKE | 2014-06-26
2025-02-26,NVDA,NVDA | 2025-02-26
2024-11-20,NVDA,NVDA | 2024-11-20
2024-08-28,NVDA,NVDA | 2024-08-28
2024-05-22,NVDA,NVDA | 2024-05-22
2024-02-21,NVDA,NVDA | 2024-02-21
2023-11-21,NVDA,NVDA | 2023-11-21
2023-08-23,NVDA,NVDA | 2023-08-23
2023-05-24,NVDA,NVDA | 2023-05-24
2023-02-22,NVDA,NVDA | 2023-02-22
2022-11-16,NVDA,NVDA | 2022-11-16
2022-08-24,NVDA,NVDA | 2022-08-24
2022-05-25,NVDA,NVDA | 2022-05-25
2022-02-16,NVDA,NVDA | 2022-02-16
2021-11-17,NVDA,NVDA | 2021-11-17
2021-08-18,NVDA,NVDA | 2021-08-18
2021-05-26,NVDA,NVDA | 2021-05-26
2021-02-24,NVDA,NVDA | 2021-02-24
2020-11-18,NVDA,NVDA | 2020-11-18
2020-08-19,NVDA,NVDA | 2020-08-19
2020-05-21,NVDA,NVDA | 2020-05-21
2020-02-13,NVDA,NVDA | 2020-02-13
2019-11-14,NVDA,NVDA | 2019-11-14
2019-08-15,NVDA,NVDA | 2019-08-15
2019-05-16,NVDA,NVDA | 2019-05-16
2019-02-14,NVDA,NVDA | 2019-02-14
2018-11-15,NVDA,NVDA | 2018-11-15
2018-08-16,NVDA,NVDA | 2018-08-16
2018-05-10,NVDA,NVDA | 2018-05-10
2018-02-08,NVDA,NVDA | 2018-02-08
2017-11-09,NVDA,NVDA | 2017-11-09
2017-08-10,NVDA,NVDA | 2017-08-10
2017-05-09,NVDA,NVDA | 2017-05-09
2017-02-09,NVDA,NVDA | 2017-02-09
2016-11-10,NVDA,NVDA | 2016-11-10
2016-08-11,NVDA,NVDA | 2016-08-11
2016-05-12,NVDA,NVDA | 2016-05-12
2016-02-17,NVDA,NVDA | 2016-02-17
2015-11-05,NVDA,NVDA | 2015-11-05
2015-08-06,NVDA,NVDA | 2015-08-06
2015-05-07,NVDA,NVDA | 2015-05-07
2015-02-11,NVDA,NVDA | 2015-02-11
2014-11-06,NVDA,NVDA | 2014-11-06
2014-08-07,NVDA,NVDA | 2014-08-07
2014-05-06,NVDA,NVDA | 2014-05-06
2025-03-10,ORCL,ORCL | 2025-03-10
2024-12-09,ORCL,ORCL | 2024-12-09
2024-09-09,ORCL,ORCL | 2024-09-09
2024-06-11,ORCL,ORCL | 2024-06-11
2024-03-11,ORCL,ORCL | 2024-03-11
2023-12-11,ORCL,ORCL | 2023-12-11
2023-09-11,ORCL,ORCL | 2023-09-11
2023-06-12,ORCL,ORCL | 2023-06-12
2023-03-09,ORCL,ORCL | 2023-03-09
2022-12-12,ORCL,ORCL | 2022-12-12
2022-09-12,ORCL,ORCL | 2022-09-12
2022-06-13,ORCL,ORCL | 2022-06-13
2022-03-10,ORCL,ORCL | 2022-03-10
2021-12-09,ORCL,ORCL | 2021-12-09
2021-09-13,ORCL,ORCL | 2021-09-13
2021-06-15,ORCL,ORCL | 2021-06-15
2021-03-10,ORCL,ORCL | 2021-03-10
2020-12-10,ORCL,ORCL | 2020-12-10
2020-09-10,ORCL,ORCL | 2020-09-10
2020-06-16,ORCL,ORCL | 2020-06-16
2020-03-12,ORCL,ORCL | 2020-03-12
2019-12-12,ORCL,ORCL | 2019-12-12
2019-09-11,ORCL,ORCL | 2019-09-11
2019-06-19,ORCL,ORCL | 2019-06-19
2019-03-14,ORCL,ORCL | 2019-03-14
2018-12-17,ORCL,ORCL | 2018-12-17
2018-09-17,ORCL,ORCL | 2018-09-17
2018-06-19,ORCL,ORCL | 2018-06-19
2018-03-19,ORCL,ORCL | 2018-03-19
2017-12-14,ORCL,ORCL | 2017-12-14
2017-09-14,ORCL,ORCL | 2017-09-14
2017-06-21,ORCL,ORCL | 2017-06-21
2017-03-15,ORCL,ORCL | 2017-03-15
2016-12-15,ORCL,ORCL | 2016-12-15
2016-09-15,ORCL,ORCL | 2016-09-15
2016-06-16,ORCL,ORCL | 2016-06-16
2016-03-15,ORCL,ORCL | 2016-03-15
2015-12-16,ORCL,ORCL | 2015-12-16
2015-09-16,ORCL,ORCL | 2015-09-16
2015-06-17,ORCL,ORCL | 2015-06-17
2015-03-17,ORCL,ORCL | 2015-03-17
2014-12-17,ORCL,ORCL | 2014-12-17
2014-09-18,ORCL,ORCL | 2014-09-18
2014-06-19,ORCL,ORCL | 2014-06-19
2025-04-24,PEP,PEP | 2025-04-24
2025-02-04,PEP,PEP | 2025-02-04
2024-10-08,PEP,PEP | 2024-10-08
2024-07-11,PEP,PEP | 2024-07-11
2024-04-23,PEP,PEP | 2024-04-23
2024-02-09,PEP,PEP | 2024-02-09
2023-10-10,PEP,PEP | 2023-10-10
2023-07-13,PEP,PEP | 2023-07-13
2023-04-25,PEP,PEP | 2023-04-25
2023-02-09,PEP,PEP | 2023-02-09
2022-10-12,PEP,PEP | 2022-10-12
2022-07-12,PEP,PEP | 2022-07-12
2022-04-26,PEP,PEP | 2022-04-26
2022-02-10,PEP,PEP | 2022-02-10
2021-10-05,PEP,PEP | 2021-10-05
2021-07-13,PEP,PEP | 2021-07-13
2021-04-15,PEP,PEP | 2021-04-15
2021-02-11,PEP,PEP | 2021-02-11
2020-10-01,PEP,PEP | 2020-10-01
2020-07-13,PEP,PEP | 2020-07-13
2020-04-28,PEP,PEP | 2020-04-28
2020-02-13,PEP,PEP | 2020-02-13
2019-10-03,PEP,PEP | 2019-10-03
2019-07-09,PEP,PEP | 2019-07-09
2019-04-17,PEP,PEP | 2019-04-17
2019-02-15,PEP,PEP | 2019-02-15
2018-10-02,PEP,PEP | 2018-10-02
2018-07-10,PEP,PEP | 2018-07-10
2018-04-26,PEP,PEP | 2018-04-26
2018-02-13,PEP,PEP | 2018-02-13
2017-10-04,PEP,PEP | 2017-10-04
2017-07-11,PEP,PEP | 2017-07-11
2017-04-26,PEP,PEP | 2017-04-26
2017-02-15,PEP,PEP | 2017-02-15
2016-09-29,PEP,PEP | 2016-09-29
2016-07-07,PEP,PEP | 2016-07-07
2016-04-18,PEP,PEP | 2016-04-18
2016-02-11,PEP,PEP | 2016-02-11
2015-10-06,PEP,PEP | 2015-10-06
2015-07-09,PEP,PEP | 2015-07-09
2015-04-23,PEP,PEP | 2015-04-23
2015-02-11,PEP,PEP | 2015-02-11
2014-10-09,PEP,PEP | 2014-10-09
2014-07-23,PEP,PEP | 2014-07-23
2014-04-17,PEP,PEP | 2014-04-17
2025-04-24,PG,PG | 2025-04-24
2025-01-22,PG,PG | 2025-01-22
2024-10-18,PG,PG | 2024-10-18
2024-07-30,PG,PG | 2024-07-30
2024-04-19,PG,PG | 2024-04-19
2024-01-23,PG,PG | 2024-01-23
2023-10-18,PG,PG | 2023-10-18
2023-07-28,PG,PG | 2023-07-28
2023-04-21,PG,PG | 2023-04-21
2023-01-19,PG,PG | 2023-01-19
2022-10-19,PG,PG | 2022-10-19
2022-07-29,PG,PG | 2022-07-29
2022-04-20,PG,PG | 2022-04-20
2022-01-19,PG,PG | 2022-01-19
2021-10-19,PG,PG | 2021-10-19
2021-07-30,PG,PG | 2021-07-30
2021-04-20,PG,PG | 2021-04-20
2021-01-20,PG,PG | 2021-01-20
2020-10-20,PG,PG | 2020-10-20
2020-07-30,PG,PG | 2020-07-30
2020-04-17,PG,PG | 2020-04-17
2020-01-23,PG,PG | 2020-01-23
2019-10-22,PG,PG | 2019-10-22
2019-07-30,PG,PG | 2019-07-30
2019-04-23,PG,PG | 2019-04-23
2019-01-23,PG,PG | 2019-01-23
2018-10-19,PG,PG | 2018-10-19
2018-07-31,PG,PG | 2018-07-31
2018-04-19,PG,PG | 2018-04-19
2018-01-23,PG,PG | 2018-01-23
2017-10-20,PG,PG | 2017-10-20
2017-07-27,PG,PG | 2017-07-27
2017-04-26,PG,PG | 2017-04-26
2017-01-20,PG,PG | 2017-01-20
2016-10-25,PG,PG | 2016-10-25
2016-08-02,PG,PG | 2016-08-02
2016-04-26,PG,PG | 2016-04-26
2016-01-26,PG,PG | 2016-01-26
2015-10-23,PG,PG | 2015-10-23
2015-07-30,PG,PG | 2015-07-30
2015-04-23,PG,PG | 2015-04-23
2015-01-27,PG,PG | 2015-01-27
2014-10-24,PG,PG | 2014-10-24
2014-08-01,PG,PG | 2014-08-01
2014-04-23,PG,PG | 2014-04-23
2025-05-01,PH,PH | 2025-05-01
2025-01-30,PH,PH | 2025-01-30
2024-10-31,PH,PH | 2024-10-31
2024-08-08,PH,PH | 2024-08-08
2024-05-02,PH,PH | 2024-05-02
2024-02-01,PH,PH | 2024-02-01
2023-11-02,PH,PH | 2023-11-02
2023-08-03,PH,PH | 2023-08-03
2023-05-04,PH,PH | 2023-05-04
2023-02-02,PH,PH | 2023-02-02
2022-11-03,PH,PH | 2022-11-03
2022-08-04,PH,PH | 2022-08-04
2022-05-05,PH,PH | 2022-05-05
2022-02-03,PH,PH | 2022-02-03
2021-11-04,PH,PH | 2021-11-04
2021-08-05,PH,PH | 2021-08-05
2021-04-29,PH,PH | 2021-04-29
2021-02-04,PH,PH | 2021-02-04
2020-11-05,PH,PH | 2020-11-05
2020-08-06,PH,PH | 2020-08-06
2020-04-30,PH,PH | 2020-04-30
2020-01-30,PH,PH | 2020-01-30
2019-10-31,PH,PH | 2019-10-31
2019-08-01,PH,PH | 2019-08-01
2019-05-02,PH,PH | 2019-05-02
2019-01-31,PH,PH | 2019-01-31
2018-11-01,PH,PH | 2018-11-01
2018-08-02,PH,PH | 2018-08-02
2018-04-26,PH,PH | 2018-04-26
2018-02-01,PH,PH | 2018-02-01
2017-11-02,PH,PH | 2017-11-02
2017-08-03,PH,PH | 2017-08-03
2017-04-27,PH,PH | 2017-04-27
2017-02-02,PH,PH | 2017-02-02
2016-10-21,PH,PH | 2016-10-21
2016-08-04,PH,PH | 2016-08-04
2016-04-26,PH,PH | 2016-04-26
2016-01-26,PH,PH | 2016-01-26
2015-10-22,PH,PH | 2015-10-22
2015-08-04,PH,PH | 2015-08-04
2015-04-28,PH,PH | 2015-04-28
2015-01-27,PH,PH | 2015-01-27
2014-10-28,PH,PH | 2014-10-28
2014-08-06,PH,PH | 2014-08-06
2014-04-29,PH,PH | 2014-04-29
2025-04-23,PM,PM | 2025-04-23
2025-02-06,PM,PM | 2025-02-06
2024-10-22,PM,PM | 2024-10-22
2024-07-23,PM,PM | 2024-07-23
2024-04-23,PM,PM | 2024-04-23
2024-02-08,PM,PM | 2024-02-08
2023-10-19,PM,PM | 2023-10-19
2023-07-20,PM,PM | 2023-07-20
2023-04-20,PM,PM | 2023-04-20
2023-02-09,PM,PM | 2023-02-09
2022-10-20,PM,PM | 2022-10-20
2022-07-21,PM,PM | 2022-07-21
2022-04-21,PM,PM | 2022-04-21
2022-02-03,PM,PM | 2022-02-03
2021-10-19,PM,PM | 2021-10-19
2021-07-20,PM,PM | 2021-07-20
2021-04-20,PM,PM | 2021-04-20
2021-02-04,PM,PM | 2021-02-04
2020-10-20,PM,PM | 2020-10-20
2020-07-21,PM,PM | 2020-07-21
2020-04-21,PM,PM | 2020-04-21
2020-02-06,PM,PM | 2020-02-06
2019-10-17,PM,PM | 2019-10-17
2019-07-18,PM,PM | 2019-07-18
2019-04-18,PM,PM | 2019-04-18
2019-02-07,PM,PM | 2019-02-07
2018-10-18,PM,PM | 2018-10-18
2018-07-19,PM,PM | 2018-07-19
2018-04-19,PM,PM | 2018-04-19
2018-02-08,PM,PM | 2018-02-08
2017-10-19,PM,PM | 2017-10-19
2017-07-20,PM,PM | 2017-07-20
2017-04-20,PM,PM | 2017-04-20
2017-02-02,PM,PM | 2017-02-02
2016-10-18,PM,PM | 2016-10-18
2016-07-19,PM,PM | 2016-07-19
2016-04-19,PM,PM | 2016-04-19
2016-02-04,PM,PM | 2016-02-04
2015-10-15,PM,PM | 2015-10-15
2015-07-16,PM,PM | 2015-07-16
2015-04-16,PM,PM | 2015-04-16
2015-02-05,PM,PM | 2015-02-05
2014-10-16,PM,PM | 2014-10-16
2014-07-17,PM,PM | 2014-07-17
2014-04-17,PM,PM | 2014-04-17
2025-05-01,QCOM,QCOM | 2025-05-01
2025-02-05,QCOM,QCOM | 2025-02-05
2024-11-06,QCOM,QCOM | 2024-11-06
2024-07-31,QCOM,QCOM | 2024-07-31
2024-05-01,QCOM,QCOM | 2024-05-01
2024-01-31,QCOM,QCOM | 2024-01-31
2023-11-01,QCOM,QCOM | 2023-11-01
2023-08-02,QCOM,QCOM | 2023-08-02
2023-05-03,QCOM,QCOM | 2023-05-03
2023-02-02,QCOM,QCOM | 2023-02-02
2022-11-02,QCOM,QCOM | 2022-11-02
2022-07-27,QCOM,QCOM | 2022-07-27
2022-04-27,QCOM,QCOM | 2022-04-27
2022-02-02,QCOM,QCOM | 2022-02-02
2021-11-03,QCOM,QCOM | 2021-11-03
2021-07-28,QCOM,QCOM | 2021-07-28
2021-04-28,QCOM,QCOM | 2021-04-28
2021-02-03,QCOM,QCOM | 2021-02-03
2020-11-04,QCOM,QCOM | 2020-11-04
2020-07-29,QCOM,QCOM | 2020-07-29
2020-04-29,QCOM,QCOM | 2020-04-29
2020-02-05,QCOM,QCOM | 2020-02-05
2019-11-06,QCOM,QCOM | 2019-11-06
2019-07-31,QCOM,QCOM | 2019-07-31
2019-05-01,QCOM,QCOM | 2019-05-01
2019-01-30,QCOM,QCOM | 2019-01-30
2018-11-07,QCOM,QCOM | 2018-11-07
2018-07-25,QCOM,QCOM | 2018-07-25
2018-04-25,QCOM,QCOM | 2018-04-25
2018-01-31,QCOM,QCOM | 2018-01-31
2017-11-01,QCOM,QCOM | 2017-11-01
2017-07-19,QCOM,QCOM | 2017-07-19
2017-04-19,QCOM,QCOM | 2017-04-19
2017-01-25,QCOM,QCOM | 2017-01-25
2016-11-02,QCOM,QCOM | 2016-11-02
2016-07-20,QCOM,QCOM | 2016-07-20
2016-04-20,QCOM,QCOM | 2016-04-20
2016-01-27,QCOM,QCOM | 2016-01-27
2015-11-04,QCOM,QCOM | 2015-11-04
2015-07-22,QCOM,QCOM | 2015-07-22
2015-04-22,QCOM,QCOM | 2015-04-22
2015-01-28,QCOM,QCOM | 2015-01-28
2014-11-05,QCOM,QCOM | 2014-11-05
2014-07-23,QCOM,QCOM | 2014-07-23
2014-04-23,QCOM,QCOM | 2014-04-23
2025-04-22,RTX,RTX | 2025-04-22
2025-01-28,RTX,RTX | 2025-01-28
2024-10-22,RTX,RTX | 2024-10-22
2024-07-25,RTX,RTX | 2024-07-25
2024-04-23,RTX,RTX | 2024-04-23
2024-01-23,RTX,RTX | 2024-01-23
2023-10-24,RTX,RTX | 2023-10-24
2023-07-25,RTX,RTX | 2023-07-25
2023-04-25,RTX,RTX | 2023-04-25
2023-01-24,RTX,RTX | 2023-01-24
2022-10-25,RTX,RTX | 2022-10-25
2022-07-26,RTX,RTX | 2022-07-26
2022-04-26,RTX,RTX | 2022-04-26
2022-01-25,RTX,RTX | 2022-01-25
2021-10-26,RTX,RTX | 2021-10-26
2021-07-27,RTX,RTX | 2021-07-27
2021-04-27,RTX,RTX | 2021-04-27
2021-01-26,RTX,RTX | 2021-01-26
2020-10-27,RTX,RTX | 2020-10-27
2020-07-28,RTX,RTX | 2020-07-28
2020-05-07,RTX,RTX | 2020-05-07
2020-01-28,RTX,RTX | 2020-01-28
2019-10-22,RTX,RTX | 2019-10-22
2019-07-23,RTX,RTX | 2019-07-23
2019-04-23,RTX,RTX | 2019-04-23
2019-01-23,RTX,RTX | 2019-01-23
2018-10-23,RTX,RTX | 2018-10-23
2018-07-24,RTX,RTX | 2018-07-24
2018-04-24,RTX,RTX | 2018-04-24
2018-01-24,RTX,RTX | 2018-01-24
2017-10-24,RTX,RTX | 2017-10-24
2017-07-25,RTX,RTX | 2017-07-25
2017-04-26,RTX,RTX | 2017-04-26
2017-01-25,RTX,RTX | 2017-01-25
2016-10-25,RTX,RTX | 2016-10-25
2016-07-26,RTX,RTX | 2016-07-26
2016-04-27,RTX,RTX | 2016-04-27
2016-01-27,RTX,RTX | 2016-01-27
2015-10-20,RTX,RTX | 2015-10-20
2015-07-21,RTX,RTX | 2015-07-21
2015-04-21,RTX,RTX | 2015-04-21
2015-01-26,RTX,RTX | 2015-01-26
2014-10-21,RTX,RTX | 2014-10-21
2014-07-22,RTX,RTX | 2014-07-22
2014-04-22,RTX,RTX | 2014-04-22
2025-04-29,SPGI,SPGI | 2025-04-29
2025-02-11,SPGI,SPGI | 2025-02-11
2024-10-24,SPGI,SPGI | 2024-10-24
2024-07-30,SPGI,SPGI | 2024-07-30
2024-04-25,SPGI,SPGI | 2024-04-25
2024-02-08,SPGI,SPGI | 2024-02-08
2023-11-02,SPGI,SPGI | 2023-11-02
2023-07-27,SPGI,SPGI | 2023-07-27
2023-04-27,SPGI,SPGI | 2023-04-27
2023-02-09,SPGI,SPGI | 2023-02-09
2022-10-27,SPGI,SPGI | 2022-10-27
2022-08-02,SPGI,SPGI | 2022-08-02
2022-05-03,SPGI,SPGI | 2022-05-03
2022-02-08,SPGI,SPGI | 2022-02-08
2021-10-26,SPGI,SPGI | 2021-10-26
2021-07-29,SPGI,SPGI | 2021-07-29
2021-04-29,SPGI,SPGI | 2021-04-29
2021-02-09,SPGI,SPGI | 2021-02-09
2020-10-27,SPGI,SPGI | 2020-10-27
2020-07-28,SPGI,SPGI | 2020-07-28
2020-04-28,SPGI,SPGI | 2020-04-28
2020-02-06,SPGI,SPGI | 2020-02-06
2019-10-29,SPGI,SPGI | 2019-10-29
2019-08-01,SPGI,SPGI | 2019-08-01
2019-05-02,SPGI,SPGI | 2019-05-02
2019-02-07,SPGI,SPGI | 2019-02-07
2018-10-25,SPGI,SPGI | 2018-10-25
2018-07-26,SPGI,SPGI | 2018-07-26
2018-04-26,SPGI,SPGI | 2018-04-26
2018-02-06,SPGI,SPGI | 2018-02-06
2017-10-26,SPGI,SPGI | 2017-10-26
2017-07-27,SPGI,SPGI | 2017-07-27
2017-04-25,SPGI,SPGI | 2017-04-25
2017-02-07,SPGI,SPGI | 2017-02-07
2016-11-03,SPGI,SPGI | 2016-11-03
2016-07-28,SPGI,SPGI | 2016-07-28
2016-04-26,SPGI,SPGI | 2016-04-26
2016-02-04,SPGI,SPGI | 2016-02-04
2015-11-03,SPGI,SPGI | 2015-11-03
2015-07-27,SPGI,SPGI | 2015-07-27
2015-04-28,SPGI,SPGI | 2015-04-28
2015-02-12,SPGI,SPGI | 2015-02-12
2014-10-29,SPGI,SPGI | 2014-10-29
2014-07-29,SPGI,SPGI | 2014-07-29
2014-04-29,SPGI,SPGI | 2014-04-29
2025-04-23,TMO,TMO | 2025-04-23
2025-01-30,TMO,TMO | 2025-01-30
2024-10-23,TMO,TMO | 2024-10-23
2024-07-24,TMO,TMO | 2024-07-24
2024-04-24,TMO,TMO | 2024-04-24
2024-01-31,TMO,TMO | 2024-01-31
2023-10-25,TMO,TMO | 2023-10-25
2023-07-26,TMO,TMO | 2023-07-26
2023-04-26,TMO,TMO | 2023-04-26
2023-02-01,TMO,TMO | 2023-02-01
2022-10-26,TMO,TMO | 2022-10-26
2022-07-28,TMO,TMO | 2022-07-28
2022-04-28,TMO,TMO | 2022-04-28
2022-02-02,TMO,TMO | 2022-02-02
2021-10-27,TMO,TMO | 2021-10-27
2021-07-28,TMO,TMO | 2021-07-28
2021-04-29,TMO,TMO | 2021-04-29
2021-02-01,TMO,TMO | 2021-02-01
2020-10-21,TMO,TMO | 2020-10-21
2020-07-22,TMO,TMO | 2020-07-22
2020-04-22,TMO,TMO | 2020-04-22
2020-01-30,TMO,TMO | 2020-01-30
2019-10-23,TMO,TMO | 2019-10-23
2019-07-24,TMO,TMO | 2019-07-24
2019-04-24,TMO,TMO | 2019-04-24
2019-01-30,TMO,TMO | 2019-01-30
2018-10-24,TMO,TMO | 2018-10-24
2018-07-25,TMO,TMO | 2018-07-25
2018-04-25,TMO,TMO | 2018-04-25
2018-01-31,TMO,TMO | 2018-01-31
2017-10-25,TMO,TMO | 2017-10-25
2017-07-26,TMO,TMO | 2017-07-26
2017-04-26,TMO,TMO | 2017-04-26
2017-01-31,TMO,TMO | 2017-01-31
2016-10-27,TMO,TMO | 2016-10-27
2016-07-28,TMO,TMO | 2016-07-28
2016-04-28,TMO,TMO | 2016-04-28
2016-01-28,TMO,TMO | 2016-01-28
2015-10-21,TMO,TMO | 2015-10-21
2015-07-22,TMO,TMO | 2015-07-22
2015-04-22,TMO,TMO | 2015-04-22
2015-01-29,TMO,TMO | 2015-01-29
2014-10-22,TMO,TMO | 2014-10-22
2014-07-23,TMO,TMO | 2014-07-23
2014-04-23,TMO,TMO | 2014-04-23
2025-02-06,TPR,TPR | 2025-02-06
2024-11-07,TPR,TPR | 2024-11-07
2024-08-15,TPR,TPR | 2024-08-15
2024-05-09,TPR,TPR | 2024-05-09
2024-02-08,TPR,TPR | 2024-02-08
2023-11-09,TPR,TPR | 2023-11-09
2023-08-17,TPR,TPR | 2023-08-17
2023-05-11,TPR,TPR | 2023-05-11
2023-02-09,TPR,TPR | 2023-02-09
2022-11-10,TPR,TPR | 2022-11-10
2022-08-18,TPR,TPR | 2022-08-18
2022-05-12,TPR,TPR | 2022-05-12
2022-02-10,TPR,TPR | 2022-02-10
2021-11-11,TPR,TPR | 2021-11-11
2021-08-19,TPR,TPR | 2021-08-19
2021-05-06,TPR,TPR | 2021-05-06
2021-02-04,TPR,TPR | 2021-02-04
2020-10-29,TPR,TPR | 2020-10-29
2020-08-13,TPR,TPR | 2020-08-13
2020-04-30,TPR,TPR | 2020-04-30
2020-02-06,TPR,TPR | 2020-02-06
2019-11-05,TPR,TPR | 2019-11-05
2019-08-15,TPR,TPR | 2019-08-15
2019-05-09,TPR,TPR | 2019-05-09
2019-02-07,TPR,TPR | 2019-02-07
2018-10-30,TPR,TPR | 2018-10-30
2018-08-14,TPR,TPR | 2018-08-14
2018-05-01,TPR,TPR | 2018-05-01
2018-02-06,TPR,TPR | 2018-02-06
2017-11-07,TPR,TPR | 2017-11-07
2017-08-15,TPR,TPR | 2017-08-15
2017-05-02,TPR,TPR | 2017-05-02
2017-01-31,TPR,TPR | 2017-01-31
2016-11-01,TPR,TPR | 2016-11-01
2016-08-09,TPR,TPR | 2016-08-09
2016-04-26,TPR,TPR | 2016-04-26
2016-01-26,TPR,TPR | 2016-01-26
2015-10-27,TPR,TPR | 2015-10-27
2015-08-04,TPR,TPR | 2015-08-04
2015-04-28,TPR,TPR | 2015-04-28
2015-01-29,TPR,TPR | 2015-01-29
2014-10-28,TPR,TPR | 2014-10-28
2014-08-05,TPR,TPR | 2014-08-05
2014-04-29,TPR,TPR | 2014-04-29
2025-04-22,TSLA,TSLA | 2025-04-22
2025-01-29,TSLA,TSLA | 2025-01-29
2024-10-23,TSLA,TSLA | 2024-10-23
2024-07-23,TSLA,TSLA | 2024-07-23
2024-04-23,TSLA,TSLA | 2024-04-23
2024-01-24,TSLA,TSLA | 2024-01-24
2023-10-18,TSLA,TSLA | 2023-10-18
2023-07-19,TSLA,TSLA | 2023-07-19
2023-04-19,TSLA,TSLA | 2023-04-19
2023-01-25,TSLA,TSLA | 2023-01-25
2022-10-19,TSLA,TSLA | 2022-10-19
2022-07-20,TSLA,TSLA | 2022-07-20
2022-04-20,TSLA,TSLA | 2022-04-20
2022-01-26,TSLA,TSLA | 2022-01-26
2021-10-20,TSLA,TSLA | 2021-10-20
2021-07-26,TSLA,TSLA | 2021-07-26
2021-04-26,TSLA,TSLA | 2021-04-26
2021-01-27,TSLA,TSLA | 2021-01-27
2020-10-21,TSLA,TSLA | 2020-10-21
2020-07-22,TSLA,TSLA | 2020-07-22
2020-04-29,TSLA,TSLA | 2020-04-29
2020-01-29,TSLA,TSLA | 2020-01-29
2019-10-23,TSLA,TSLA | 2019-10-23
2019-07-24,TSLA,TSLA | 2019-07-24
2019-04-24,TSLA,TSLA | 2019-04-24
2019-01-30,TSLA,TSLA | 2019-01-30
2018-10-24,TSLA,TSLA | 2018-10-24
2018-08-01,TSLA,TSLA | 2018-08-01
2018-05-02,TSLA,TSLA | 2018-05-02
2018-02-07,TSLA,TSLA | 2018-02-07
2017-11-01,TSLA,TSLA | 2017-11-01
2017-08-02,TSLA,TSLA | 2017-08-02
2017-05-03,TSLA,TSLA | 2017-05-03
2017-02-22,TSLA,TSLA | 2017-02-22
2016-10-26,TSLA,TSLA | 2016-10-26
2016-08-03,TSLA,TSLA | 2016-08-03
2016-05-04,TSLA,TSLA | 2016-05-04
2016-02-10,TSLA,TSLA | 2016-02-10
2015-11-03,TSLA,TSLA | 2015-11-03
2015-08-05,TSLA,TSLA | 2015-08-05
2015-05-06,TSLA,TSLA | 2015-05-06
2015-02-11,TSLA,TSLA | 2015-02-11
2014-11-05,TSLA,TSLA | 2014-11-05
2014-07-31,TSLA,TSLA | 2014-07-31
2025-04-17,TSM,TSM | 2025-04-17
2025-01-16,TSM,TSM | 2025-01-16
2024-10-17,TSM,TSM | 2024-10-17
2024-07-18,TSM,TSM | 2024-07-18
2024-04-18,TSM,TSM | 2024-04-18
2024-01-18,TSM,TSM | 2024-01-18
2023-10-19,TSM,TSM | 2023-10-19
2023-07-20,TSM,TSM | 2023-07-20
2023-04-20,TSM,TSM | 2023-04-20
2023-01-12,TSM,TSM | 2023-01-12
2022-10-13,TSM,TSM | 2022-10-13
2022-07-14,TSM,TSM | 2022-07-14
2022-04-14,TSM,TSM | 2022-04-14
2022-01-13,TSM,TSM | 2022-01-13
2021-10-14,TSM,TSM | 2021-10-14
2021-07-15,TSM,TSM | 2021-07-15
2021-04-15,TSM,TSM | 2021-04-15
2021-01-14,TSM,TSM | 2021-01-14
2020-10-15,TSM,TSM | 2020-10-15
2020-07-16,TSM,TSM | 2020-07-16
2020-04-16,TSM,TSM | 2020-04-16
2020-01-16,TSM,TSM | 2020-01-16
2019-10-17,TSM,TSM | 2019-10-17
2019-07-18,TSM,TSM | 2019-07-18
2019-04-18,TSM,TSM | 2019-04-18
2019-01-17,TSM,TSM | 2019-01-17
2018-10-18,TSM,TSM | 2018-10-18
2018-07-19,TSM,TSM | 2018-07-19
2018-04-18,TSM,TSM | 2018-04-18
2018-01-18,TSM,TSM | 2018-01-18
2017-10-19,TSM,TSM | 2017-10-19
2017-07-13,TSM,TSM | 2017-07-13
2017-04-13,TSM,TSM | 2017-04-13
2017-01-12,TSM,TSM | 2017-01-12
2016-10-13,TSM,TSM | 2016-10-13
2016-07-14,TSM,TSM | 2016-07-14
2016-04-14,TSM,TSM | 2016-04-14
2016-01-14,TSM,TSM | 2016-01-14
2015-10-15,TSM,TSM | 2015-10-15
2015-07-16,TSM,TSM | 2015-07-16
2015-04-10,TSM,TSM | 2015-04-10
2015-01-15,TSM,TSM | 2015-01-15
2014-10-16,TSM,TSM | 2014-10-16
2014-07-16,TSM,TSM | 2014-07-16
2014-04-17,TSM,TSM | 2014-04-17
2025-04-23,TXN,TXN | 2025-04-23
2025-01-23,TXN,TXN | 2025-01-23
2024-10-22,TXN,TXN | 2024-10-22
2024-07-23,TXN,TXN | 2024-07-23
2024-04-23,TXN,TXN | 2024-04-23
2024-01-23,TXN,TXN | 2024-01-23
2023-10-24,TXN,TXN | 2023-10-24
2023-07-25,TXN,TXN | 2023-07-25
2023-04-25,TXN,TXN | 2023-04-25
2023-01-24,TXN,TXN | 2023-01-24
2022-10-25,TXN,TXN | 2022-10-25
2022-07-26,TXN,TXN | 2022-07-26
2022-04-26,TXN,TXN | 2022-04-26
2022-01-25,TXN,TXN | 2022-01-25
2021-10-26,TXN,TXN | 2021-10-26
2021-07-21,TXN,TXN | 2021-07-21
2021-04-27,TXN,TXN | 2021-04-27
2021-01-26,TXN,TXN | 2021-01-26
2020-10-20,TXN,TXN | 2020-10-20
2020-07-21,TXN,TXN | 2020-07-21
2020-04-21,TXN,TXN | 2020-04-21
2020-01-22,TXN,TXN | 2020-01-22
2019-10-22,TXN,TXN | 2019-10-22
2019-07-23,TXN,TXN | 2019-07-23
2019-04-23,TXN,TXN | 2019-04-23
2019-01-23,TXN,TXN | 2019-01-23
2018-10-23,TXN,TXN | 2018-10-23
2018-07-24,TXN,TXN | 2018-07-24
2018-04-24,TXN,TXN | 2018-04-24
2018-01-23,TXN,TXN | 2018-01-23
2017-10-24,TXN,TXN | 2017-10-24
2017-07-25,TXN,TXN | 2017-07-25
2017-04-25,TXN,TXN | 2017-04-25
2017-01-24,TXN,TXN | 2017-01-24
2016-10-26,TXN,TXN | 2016-10-26
2016-07-25,TXN,TXN | 2016-07-25
2016-04-27,TXN,TXN | 2016-04-27
2016-01-27,TXN,TXN | 2016-01-27
2015-10-21,TXN,TXN | 2015-10-21
2015-07-22,TXN,TXN | 2015-07-22
2015-04-22,TXN,TXN | 2015-04-22
2015-01-26,TXN,TXN | 2015-01-26
2014-10-20,TXN,TXN | 2014-10-20
2014-07-21,TXN,TXN | 2014-07-21
2014-04-23,TXN,TXN | 2014-04-23
2025-04-17,UNH,UNH | 2025-04-17
2025-01-16,UNH,UNH | 2025-01-16
2024-10-15,UNH,UNH | 2024-10-15
2024-07-16,UNH,UNH | 2024-07-16
2024-04-16,UNH,UNH | 2024-04-16
2024-01-12,UNH,UNH | 2024-01-12
2023-10-13,UNH,UNH | 2023-10-13
2023-07-14,UNH,UNH | 2023-07-14
2023-04-14,UNH,UNH | 2023-04-14
2023-01-13,UNH,UNH | 2023-01-13
2022-10-14,UNH,UNH | 2022-10-14
2022-07-15,UNH,UNH | 2022-07-15
2022-04-14,UNH,UNH | 2022-04-14
2022-01-19,UNH,UNH | 2022-01-19
2021-10-14,UNH,UNH | 2021-10-14
2021-07-15,UNH,UNH | 2021-07-15
2021-04-15,UNH,UNH | 2021-04-15
2021-01-20,UNH,UNH | 2021-01-20
2020-10-14,UNH,UNH | 2020-10-14
2020-07-15,UNH,UNH | 2020-07-15
2020-04-15,UNH,UNH | 2020-04-15
2020-01-15,UNH,UNH | 2020-01-15
2019-10-15,UNH,UNH | 2019-10-15
2019-07-18,UNH,UNH | 2019-07-18
2019-04-16,UNH,UNH | 2019-04-16
2019-01-15,UNH,UNH | 2019-01-15
2018-10-16,UNH,UNH | 2018-10-16
2018-07-17,UNH,UNH | 2018-07-17
2018-04-17,UNH,UNH | 2018-04-17
2018-01-16,UNH,UNH | 2018-01-16
2017-10-17,UNH,UNH | 2017-10-17
2017-07-18,UNH,UNH | 2017-07-18
2017-04-18,UNH,UNH | 2017-04-18
2017-01-17,UNH,UNH | 2017-01-17
2016-10-18,UNH,UNH | 2016-10-18
2016-07-19,UNH,UNH | 2016-07-19
2016-04-19,UNH,UNH | 2016-04-19
2016-01-19,UNH,UNH | 2016-01-19
2015-10-15,UNH,UNH | 2015-10-15
2015-07-16,UNH,UNH | 2015-07-16
2015-04-16,UNH,UNH | 2015-04-16
2015-01-21,UNH,UNH | 2015-01-21
2014-10-16,UNH,UNH | 2014-10-16
2014-07-17,UNH,UNH | 2014-07-17
2014-04-17,UNH,UNH | 2014-04-17
2025-04-29,UPS,UPS | 2025-04-29
2025-01-30,UPS,UPS | 2025-01-30
2024-10-24,UPS,UPS | 2024-10-24
2024-07-23,UPS,UPS | 2024-07-23
2024-04-23,UPS,UPS | 2024-04-23
2024-01-30,UPS,UPS | 2024-01-30
2023-10-26,UPS,UPS | 2023-10-26
2023-08-08,UPS,UPS | 2023-08-08
2023-04-25,UPS,UPS | 2023-04-25
2023-01-31,UPS,UPS | 2023-01-31
2022-10-25,UPS,UPS | 2022-10-25
2022-07-26,UPS,UPS | 2022-07-26
2022-04-26,UPS,UPS | 2022-04-26
2022-02-01,UPS,UPS | 2022-02-01
2021-10-26,UPS,UPS | 2021-10-26
2021-07-27,UPS,UPS | 2021-07-27
2021-04-27,UPS,UPS | 2021-04-27
2021-02-02,UPS,UPS | 2021-02-02
2020-10-28,UPS,UPS | 2020-10-28
2020-07-30,UPS,UPS | 2020-07-30
2020-04-28,UPS,UPS | 2020-04-28
2020-01-30,UPS,UPS | 2020-01-30
2019-10-22,UPS,UPS | 2019-10-22
2019-07-24,UPS,UPS | 2019-07-24
2019-04-25,UPS,UPS | 2019-04-25
2019-01-31,UPS,UPS | 2019-01-31
2018-10-24,UPS,UPS | 2018-10-24
2018-07-25,UPS,UPS | 2018-07-25
2018-04-26,UPS,UPS | 2018-04-26
2018-02-01,UPS,UPS | 2018-02-01
2017-10-26,UPS,UPS | 2017-10-26
2017-07-27,UPS,UPS | 2017-07-27
2017-04-27,UPS,UPS | 2017-04-27
2017-01-31,UPS,UPS | 2017-01-31
2016-10-27,UPS,UPS | 2016-10-27
2016-07-29,UPS,UPS | 2016-07-29
2016-04-28,UPS,UPS | 2016-04-28
2016-02-02,UPS,UPS | 2016-02-02
2015-10-27,UPS,UPS | 2015-10-27
2015-07-28,UPS,UPS | 2015-07-28
2015-04-28,UPS,UPS | 2015-04-28
2015-02-03,UPS,UPS | 2015-02-03
2014-10-24,UPS,UPS | 2014-10-24
2014-07-29,UPS,UPS | 2014-07-29
2014-04-24,UPS,UPS | 2014-04-24
2025-04-29,V,V | 2025-04-29
2025-01-30,V,V | 2025-01-30
2024-10-29,V,V | 2024-10-29
2024-07-23,V,V | 2024-07-23
2024-04-23,V,V | 2024-04-23
2024-01-25,V,V | 2024-01-25
2023-10-24,V,V | 2023-10-24
2023-07-25,V,V | 2023-07-25
2023-04-25,V,V | 2023-04-25
2023-01-26,V,V | 2023-01-26
2022-10-25,V,V | 2022-10-25
2022-07-26,V,V | 2022-07-26
2022-04-26,V,V | 2022-04-26
2022-01-27,V,V | 2022-01-27
2021-10-26,V,V | 2021-10-26
2021-07-27,V,V | 2021-07-27
2021-04-27,V,V | 2021-04-27
2021-01-28,V,V | 2021-01-28
2020-10-28,V,V | 2020-10-28
2020-07-28,V,V | 2020-07-28
2020-05-01,V,V | 2020-05-01
2020-01-30,V,V | 2020-01-30
2019-10-25,V,V | 2019-10-25
2019-07-23,V,V | 2019-07-23
2019-04-24,V,V | 2019-04-24
2019-01-30,V,V | 2019-01-30
2018-10-24,V,V | 2018-10-24
2018-07-25,V,V | 2018-07-25
2018-04-25,V,V | 2018-04-25
2018-02-01,V,V | 2018-02-01
2017-10-25,V,V | 2017-10-25
2017-07-20,V,V | 2017-07-20
2017-04-20,V,V | 2017-04-20
2017-02-02,V,V | 2017-02-02
2016-10-24,V,V | 2016-10-24
2016-07-21,V,V | 2016-07-21
2016-04-21,V,V | 2016-04-21
2016-01-28,V,V | 2016-01-28
2015-11-02,V,V | 2015-11-02
2015-07-23,V,V | 2015-07-23
2015-04-30,V,V | 2015-04-30
2015-01-29,V,V | 2015-01-29
2014-10-29,V,V | 2014-10-29
2014-07-24,V,V | 2014-07-24
2014-04-24,V,V | 2014-04-24
2025-04-11,WFC,WFC | 2025-04-11
2025-01-15,WFC,WFC | 2025-01-15
2024-10-11,WFC,WFC | 2024-10-11
2024-07-12,WFC,WFC | 2024-07-12
2024-04-12,WFC,WFC | 2024-04-12
2024-01-12,WFC,WFC | 2024-01-12
2023-10-13,WFC,WFC | 2023-10-13
2023-07-14,WFC,WFC | 2023-07-14
2023-04-14,WFC,WFC | 2023-04-14
2023-01-13,WFC,WFC | 2023-01-13
2022-10-14,WFC,WFC | 2022-10-14
2022-07-15,WFC,WFC | 2022-07-15
2022-04-14,WFC,WFC | 2022-04-14
2022-01-14,WFC,WFC | 2022-01-14
2021-10-14,WFC,WFC | 2021-10-14
2021-07-14,WFC,WFC | 2021-07-14
2021-04-14,WFC,WFC | 2021-04-14
2021-01-15,WFC,WFC | 2021-01-15
2020-10-14,WFC,WFC | 2020-10-14
2020-07-14,WFC,WFC | 2020-07-14
2020-04-14,WFC,WFC | 2020-04-14
2020-01-14,WFC,WFC | 2020-01-14
2019-10-15,WFC,WFC | 2019-10-15
2019-07-16,WFC,WFC | 2019-07-16
2019-04-12,WFC,WFC | 2019-04-12
2019-01-15,WFC,WFC | 2019-01-15
2018-10-12,WFC,WFC | 2018-10-12
2018-07-13,WFC,WFC | 2018-07-13
2018-04-13,WFC,WFC | 2018-04-13
2018-01-12,WFC,WFC | 2018-01-12
2017-10-13,WFC,WFC | 2017-10-13
2017-07-14,WFC,WFC | 2017-07-14
2017-04-13,WFC,WFC | 2017-04-13
2017-01-13,WFC,WFC | 2017-01-13
2016-10-14,WFC,WFC | 2016-10-14
2016-07-15,WFC,WFC | 2016-07-15
2016-04-14,WFC,WFC | 2016-04-14
2016-01-15,WFC,WFC | 2016-01-15
2015-10-14,WFC,WFC | 2015-10-14
2015-07-14,WFC,WFC | 2015-07-14
2015-04-14,WFC,WFC | 2015-04-14
2015-01-14,WFC,WFC | 2015-01-14
2014-10-14,WFC,WFC | 2014-10-14
2014-07-11,WFC,WFC | 2014-07-11
2025-02-20,WMT,WMT | 2025-02-20
2024-11-19,WMT,WMT | 2024-11-19
2024-08-15,WMT,WMT | 2024-08-15
2024-05-16,WMT,WMT | 2024-05-16
2024-02-20,WMT,WMT | 2024-02-20
2023-11-16,WMT,WMT | 2023-11-16
2023-08-17,WMT,WMT | 2023-08-17
2023-05-18,WMT,WMT | 2023-05-18
2023-02-21,WMT,WMT | 2023-02-21
2022-11-15,WMT,WMT | 2022-11-15
2022-08-16,WMT,WMT | 2022-08-16
2022-05-17,WMT,WMT | 2022-05-17
2022-02-17,WMT,WMT | 2022-02-17
2021-11-16,WMT,WMT | 2021-11-16
2021-08-17,WMT,WMT | 2021-08-17
2021-05-18,WMT,WMT | 2021-05-18
2021-02-18,WMT,WMT | 2021-02-18
2020-11-17,WMT,WMT | 2020-11-17
2020-08-18,WMT,WMT | 2020-08-18
2020-05-19,WMT,WMT | 2020-05-19
2020-02-18,WMT,WMT | 2020-02-18
2019-11-14,WMT,WMT | 2019-11-14
2019-08-15,WMT,WMT | 2019-08-15
2019-05-16,WMT,WMT | 2019-05-16
2019-02-19,WMT,WMT | 2019-02-19
2018-11-15,WMT,WMT | 2018-11-15
2018-08-16,WMT,WMT | 2018-08-16
2018-05-17,WMT,WMT | 2018-05-17
2018-02-20,WMT,WMT | 2018-02-20
2017-11-16,WMT,WMT | 2017-11-16
2017-08-17,WMT,WMT | 2017-08-17
2017-05-18,WMT,WMT | 2017-05-18
2017-02-21,WMT,WMT | 2017-02-21
2016-11-17,WMT,WMT | 2016-11-17
2016-08-18,WMT,WMT | 2016-08-18
2016-05-19,WMT,WMT | 2016-05-19
2016-02-18,WMT,WMT | 2016-02-18
2015-11-17,WMT,WMT | 2015-11-17
2015-08-18,WMT,WMT | 2015-08-18
2015-05-19,WMT,WMT | 2015-05-19
2015-02-19,WMT,WMT | 2015-02-19
2014-11-13,WMT,WMT | 2014-11-13
2014-08-14,WMT,WMT | 2014-08-14
2014-05-15,WMT,WMT | 2014-05-15
2025-02-13,WYNN,WYNN | 2025-02-13
2024-11-04,WYNN,WYNN | 2024-11-04
2024-08-06,WYNN,WYNN | 2024-08-06
2024-05-07,WYNN,WYNN | 2024-05-07
2024-02-07,WYNN,WYNN | 2024-02-07
2023-11-09,WYNN,WYNN | 2023-11-09
2023-08-09,WYNN,WYNN | 2023-08-09
2023-05-09,WYNN,WYNN | 2023-05-09
2023-02-08,WYNN,WYNN | 2023-02-08
2022-11-09,WYNN,WYNN | 2022-11-09
2022-08-09,WYNN,WYNN | 2022-08-09
2022-05-10,WYNN,WYNN | 2022-05-10
2022-02-15,WYNN,WYNN | 2022-02-15
2021-11-09,WYNN,WYNN | 2021-11-09
2021-08-04,WYNN,WYNN | 2021-08-04
2021-05-10,WYNN,WYNN | 2021-05-10
2021-02-04,WYNN,WYNN | 2021-02-04
2020-11-05,WYNN,WYNN | 2020-11-05
2020-08-04,WYNN,WYNN | 2020-08-04
2020-05-06,WYNN,WYNN | 2020-05-06
2020-02-06,WYNN,WYNN | 2020-02-06
2019-11-06,WYNN,WYNN | 2019-11-06
2019-08-06,WYNN,WYNN | 2019-08-06
2019-05-09,WYNN,WYNN | 2019-05-09
2019-01-30,WYNN,WYNN | 2019-01-30
2018-11-07,WYNN,WYNN | 2018-11-07
2018-08-01,WYNN,WYNN | 2018-08-01
2018-04-24,WYNN,WYNN | 2018-04-24
2018-01-22,WYNN,WYNN | 2018-01-22
2017-10-26,WYNN,WYNN | 2017-10-26
2017-07-25,WYNN,WYNN | 2017-07-25
2017-04-25,WYNN,WYNN | 2017-04-25
2017-01-26,WYNN,WYNN | 2017-01-26
2016-11-02,WYNN,WYNN | 2016-11-02
2016-07-28,WYNN,WYNN | 2016-07-28
2016-05-05,WYNN,WYNN | 2016-05-05
2016-02-11,WYNN,WYNN | 2016-02-11
2015-10-15,WYNN,WYNN | 2015-10-15
2015-07-29,WYNN,WYNN | 2015-07-29
2015-04-28,WYNN,WYNN | 2015-04-28
2015-02-03,WYNN,WYNN | 2015-02-03
2014-10-28,WYNN,WYNN | 2014-10-28
2014-07-29,WYNN,WYNN | 2014-07-29
2014-05-01,WYNN,WYNN | 2014-05-01
2025-05-02,XOM,XOM | 2025-05-02
2025-01-31,XOM,XOM | 2025-01-31
2024-11-01,XOM,XOM | 2024-11-01
2024-08-02,XOM,XOM | 2024-08-02
2024-04-26,XOM,XOM | 2024-04-26
2024-02-02,XOM,XOM | 2024-02-02
2023-10-27,XOM,XOM | 2023-10-27
2023-07-28,XOM,XOM | 2023-07-28
2023-04-28,XOM,XOM | 2023-04-28
2023-01-31,XOM,XOM | 2023-01-31
2022-10-28,XOM,XOM | 2022-10-28
2022-07-29,XOM,XOM | 2022-07-29
2022-04-29,XOM,XOM | 2022-04-29
2022-02-01,XOM,XOM | 2022-02-01
2021-10-29,XOM,XOM | 2021-10-29
2021-07-30,XOM,XOM | 2021-07-30
2021-04-30,XOM,XOM | 2021-04-30
2021-02-02,XOM,XOM | 2021-02-02
2020-10-30,XOM,XOM | 2020-10-30
2020-07-31,XOM,XOM | 2020-07-31
2020-05-01,XOM,XOM | 2020-05-01
2020-01-31,XOM,XOM | 2020-01-31
2019-11-01,XOM,XOM | 2019-11-01
2019-08-02,XOM,XOM | 2019-08-02
2019-04-26,XOM,XOM | 2019-04-26
2019-02-01,XOM,XOM | 2019-02-01
2018-11-02,XOM,XOM | 2018-11-02
2018-07-27,XOM,XOM | 2018-07-27
2018-04-27,XOM,XOM | 2018-04-27
2018-02-02,XOM,XOM | 2018-02-02
2017-10-27,XOM,XOM | 2017-10-27
2017-07-28,XOM,XOM | 2017-07-28
2017-04-28,XOM,XOM | 2017-04-28
2017-01-31,XOM,XOM | 2017-01-31
2016-10-28,XOM,XOM | 2016-10-28
2016-07-29,XOM,XOM | 2016-07-29
2016-04-29,XOM,XOM | 2016-04-29
2016-02-02,XOM,XOM | 2016-02-02
2015-10-30,XOM,XOM | 2015-10-30
2015-07-31,XOM,XOM | 2015-07-31
2015-04-30,XOM,XOM | 2015-04-30
2015-02-02,XOM,XOM | 2015-02-02
2014-10-31,XOM,XOM | 2014-10-31
2014-07-31,XOM,XOM | 2014-07-31
2014-05-01,XOM,XOM | 2014-05-01
