Ann Date,Surprise,Ticker
2025-05-01,,AAPL
2025-01-30,0.021276595744680774,AAPL
2024-10-31,-0.39299123904881106,AAPL
2024-08-01,0.039346696362286514,AAPL
2024-05-02,0.018641810918774985,AAPL
2024-02-01,0.03710751665080889,AAPL
2023-11-02,0.047345767575322856,AAPL
2023-08-03,0.0456431535269709,AAPL
2023-05-04,0.060711793440334935,AAPL
2023-02-02,-0.031427099433281896,AAPL
2022-10-27,0.020569620253164576,AAPL
2022-07-28,0.03270223752151466,AAPL
2022-04-28,0.06816584680252985,AAPL
2022-01-27,0.10526315789473695,AAPL
2021-10-28,0.0032362459546925594,AAPL
2021-07-27,0.2833168805528136,AAPL
2021-04-28,0.4127144298688193,AAPL
2021-01-27,0.18560338743824975,AAPL
2020-10-29,0.03988603988603993,AAPL
2020-07-30,0.24517374517374518,AAPL
2020-04-30,0.13475177304964553,AAPL
2020-01-28,0.09281961471103337,AAPL
2019-10-30,0.06891701828410696,AAPL
2019-07-30,0.038095238095238126,AAPL
2019-04-30,0.03709949409780779,AAPL
2019-01-29,0.0028790786948175544,AAPL
2018-11-01,0.04748201438848926,AAPL
2018-07-31,0.07142857142857129,AAPL
2018-05-01,0.03484848484848488,AAPL
2018-02-01,0.012486992715920927,AAPL
2017-11-02,0.1068376068376068,AAPL
2017-08-01,0.06091370558375626,AAPL
2017-05-02,0.03754940711462454,AAPL
2017-01-31,0.04218362282878402,AAPL
2016-10-25,0.0072289156626506096,AAPL
2016-07-26,0.02305475504322769,AAPL
2016-04-26,-0.051896207584830385,AAPL
2016-01-26,0.017369727047146278,AAPL
2015-10-27,0.040339702760084965,AAPL
2015-07-21,0.019823788546255522,AAPL
2015-04-27,0.07763401109057287,AAPL
2015-01-27,0.1769230769230769,AAPL
2014-10-20,0.08895705521472383,AAPL
2014-07-22,0.03559870550161816,AAPL
2014-04-23,0.14010989010989008,AAPL
2025-04-25,,ABBV
2025-01-31,-0.07764705882352943,ABBV
2024-10-30,-0.33470648815653964,ABBV
2024-07-25,-0.16426063207179095,ABBV
2024-04-26,-0.3306379155435759,ABBV
2024-02-02,-0.2588703837798696,ABBV
2023-10-27,-0.28952916373858056,ABBV
2023-07-27,-0.25815704553603447,ABBV
2023-04-27,-0.3482324258431531,ABBV
2023-02-09,-0.21019830028328612,ABBV
2022-10-28,-0.23434004474272932,ABBV
2022-07-29,-0.2031908488862132,ABBV
2022-04-29,-0.2492043284532145,ABBV
2022-02-02,-0.24320195539260625,ABBV
2021-10-29,-0.238495024875622,ABBV
2021-07-30,-0.30185004868549176,ABBV
2021-04-30,-0.2611671469740633,ABBV
2021-02-03,-0.25518453427065024,ABBV
2020-10-30,-0.34248554913294793,ABBV
2020-07-31,-0.2651036970243463,ABBV
2020-05-01,-0.025526197939991016,ABBV
2020-02-07,-0.09198542805100189,ABBV
2019-11-01,-0.07739396589418454,ABBV
2019-07-26,-0.09690627843494079,ABBV
2019-04-25,-0.061680427391937936,ABBV
2019-01-25,-0.10784313725490188,ABBV
2018-11-02,-0.021825396825396845,ABBV
2018-07-27,-0.06781376518218618,ABBV
2018-04-26,-0.048522030117122125,ABBV
2018-01-26,-0.0587422252937111,ABBV
2017-10-27,-0.07220216606498202,ABBV
2017-07-28,-0.07219442458899213,ABBV
2017-04-27,-0.08795562599049127,ABBV
2017-01-27,-0.08270676691729321,ABBV
2016-10-28,-0.07890365448504981,ABBV
2016-07-29,-0.02083333333333326,ABBV
2016-04-28,-0.08939526730937782,ABBV
2016-01-29,-0.05530776092774314,ABBV
2015-10-30,-0.0009250693802034134,ABBV
2015-07-24,-0.01885014137606034,ABBV
2015-04-23,0.06815511163337257,ABBV
2015-01-30,0.06308411214953277,ABBV
2014-10-31,0.10219922380336346,ABBV
2014-07-25,-0.0039525691699604775,ABBV
2014-04-25,-0.020588235294117664,ABBV
2025-03-20,0.0035587188612098883,ACN
2024-12-19,0.05032182562902273,ACN
2024-09-26,0.00035893754486715355,ACN
2024-06-20,-0.004460019114367567,ACN
2024-03-21,0.043757072802716,ACN
2023-12-19,0.038804071246819304,ACN
2023-09-28,0.027714502657555033,ACN
2023-06-22,0.19698996655518392,ACN
2023-03-23,0.08199356913183287,ACN
2022-12-16,0.061702861082385485,ACN
2022-09-22,0.012855473315153843,ACN
2022-06-23,0.02285513361462727,ACN
2022-03-17,0.06409719312945121,ACN
2021-12-16,0.057838660578386485,ACN
2021-09-23,0.004566210045662206,ACN
2021-06-24,0.07286544479213224,ACN
2021-03-18,0.06635071090047387,ACN
2020-12-17,0.053909664885866806,ACN
2020-09-24,-0.017301038062283752,ACN
2020-06-25,0.028695181375202997,ACN
2020-03-19,0.06968641114982585,ACN
2019-12-19,0.049530761209593314,ACN
2019-09-26,0.015761821366024466,ACN
2019-06-27,0.02550478214665252,ACN
2019-03-28,0.09980928162746347,ACN
2018-12-20,0.056603773584905655,ACN
2018-09-27,0.019354838709677438,ACN
2018-06-28,0.040186371578334275,ACN
2018-03-22,0.06119704102219231,ACN
2017-12-21,0.07378524295140972,ACN
2017-09-28,0.00888585099111408,ACN
2017-06-22,-0.004599211563732009,ACN
2017-03-23,0.03310238645111636,ACN
2016-12-21,0.05614973262032091,ACN
2016-09-29,0.003846153846153764,ACN
2016-06-23,0.0,ACN
2016-03-24,0.12077702702702704,ACN
2015-12-17,-0.028094153378891363,ACN
2015-09-24,0.026785714285714107,ACN
2015-06-25,0.05614320585842143,ACN
2015-03-26,0.007462686567164185,ACN
2014-12-18,0.07589658048373642,ACN
2014-09-24,-0.019073569482288746,ACN
2014-06-26,0.04132231404958681,ACN
2025-03-12,-0.16934835076428006,ADBE
2024-12-11,-0.1625615763546797,ADBE
2024-09-12,-0.19647188533627344,ADBE
2024-06-13,-0.20886363636363645,ADBE
2024-03-14,-0.23595248972133392,ADBE
2023-12-13,-0.1896593380043489,ADBE
2023-09-14,-0.22347913524384116,ADBE
2023-06-15,-0.24220813523507656,ADBE
2023-03-15,-0.2435374149659864,ADBE
2022-12-15,-0.26691407365115616,ADBE
2022-09-15,-0.2675464907018596,ADBE
2022-06-16,-0.24297370806890306,ADBE
2022-03-22,-0.17828297935985643,ADBE
2021-12-16,-0.19266917293233088,ADBE
2021-09-21,-0.1690468282962472,ADBE
2021-06-17,-0.18297872340425533,ADBE
2021-03-23,-0.06568557071069628,ADBE
2020-12-10,0.7601656626506023,ADBE
2020-09-15,-0.19626556016597513,ADBE
2020-06-11,-0.029525032092426354,ADBE
2020-03-12,-0.12130707251566693,ADBE
2019-12-12,-0.23339238263950396,ADBE
2019-09-17,-0.186105476673428,ADBE
2019-06-18,-0.2749719416386083,ADBE
2019-03-14,-0.19616336633663375,ADBE
2018-12-13,-0.2692511949017526,ADBE
2018-09-13,-0.2094674556213017,ADBE
2018-06-14,-0.13878080415045393,ADBE
2018-03-15,-0.17663421418636996,ADBE
2017-12-14,-0.13915298184961108,ADBE
2017-09-19,-0.1678252234359483,ADBE
2017-06-20,-0.21141649048625788,ADBE
2017-03-16,-0.08600917431192656,ADBE
2016-12-15,-0.07424593967517396,ADBE
2016-09-20,-0.2582872928176795,ADBE
2016-06-21,-0.28676470588235303,ADBE
2016-03-17,-0.17326732673267325,ADBE
2015-12-10,-0.3316666666666666,ADBE
2015-09-17,-0.3138832997987927,ADBE
2015-06-16,-0.35982339955849896,ADBE
2015-03-17,-0.5558441558441558,ADBE
2014-12-11,-0.4256756756756756,ADBE
2014-09-16,-0.662878787878788,ADBE
2014-06-17,-0.4381270903010033,ADBE
2025-02-04,-0.6250000000000001,AMD
2024-10-29,-0.46956521739130436,AMD
2024-07-30,-0.7368421052631579,AMD
2024-04-30,-0.8615635179153095,AMD
2024-01-30,-0.4448767833981842,AMD
2023-10-31,-0.7130177514792899,AMD
2023-08-01,-0.9320557491289198,AMD
2023-05-02,-1.0556521739130436,AMD
2023-01-31,-0.9444444444444444,AMD
2022-11-01,-0.9003067484662576,AMD
2022-08-02,-0.6516746411483253,AMD
2022-05-03,-0.2524590163934426,AMD
2022-02-01,0.06924101198402137,AMD
2021-10-26,0.16341829085457268,AMD
2021-07-27,0.09814814814814803,AMD
2021-04-27,0.0542986425339367,AMD
2021-01-26,-0.13559322033898305,AMD
2020-10-27,-0.025423728813559344,AMD
2020-07-28,-0.17177914110429446,AMD
2020-04-28,-0.15168539325842695,AMD
2020-01-28,-0.22442244224422445,AMD
2019-10-29,-0.24175824175824168,AMD
2019-07-30,-0.5584415584415584,AMD
2019-04-30,-0.888888888888889,AMD
2019-01-29,-0.451219512195122,AMD
2018-10-24,-0.24193548387096772,AMD
2018-07-25,-0.140625,AMD
2018-04-25,-0.06896551724137921,AMD
2018-01-30,-1.3877551020408163,AMD
2017-10-24,-0.20512820512820512,AMD
2017-07-25,-43.0,AMD
2017-05-01,-0.142857142857143,AMD
2017-01-31,3.166666666666667,AMD
2016-10-20,-3.25,AMD
2016-07-21,-0.0714285714285715,AMD
2016-04-21,0.11627906976744175,AMD
2016-01-19,0.1634615384615385,AMD
2015-10-15,0.5833333333333334,AMD
2015-07-16,0.13772455089820354,AMD
2015-04-16,1.307692307692308,AMD
2015-01-20,-12.0,AMD
2014-10-16,-0.5,AMD
2014-07-17,-1.2962962962962965,AMD
2014-04-17,-2.25,AMD
2025-05-01,,AME
2025-02-04,-0.09729729729729739,AME
2024-10-31,-0.09090909090909093,AME
2024-08-01,-0.11800486618004864,AME
2024-05-02,-0.09604519774011301,AME
2024-02-06,-0.07730673316708236,AME
2023-10-31,-0.06666666666666665,AME
2023-08-01,-0.07038512616201865,AME
2023-05-02,-0.05646890636168689,AME
2023-02-02,-0.09585316111488784,AME
2022-11-01,-0.06098457016899336,AME
2022-08-02,-0.05936777178103313,AME
2022-05-03,-0.0830721003134797,AME
2022-02-03,-0.06851424172440336,AME
2021-11-02,-0.08798646362098128,AME
2021-08-03,-0.09255898366606179,AME
2021-05-04,-0.07933398628795296,AME
2021-02-04,-0.07766990291262142,AME
2020-10-29,-0.06283280085197013,AME
2020-08-04,-0.006896551724137937,AME
2020-05-05,-0.1044012282497441,AME
2020-02-05,-0.06815968841285293,AME
2019-10-31,-0.05138339920948621,AME
2019-07-30,-0.08023483365949126,AME
2019-05-01,-0.08462332301341585,AME
2019-02-05,0.02019002375296914,AME
2018-11-01,0.04859335038363161,AME
2018-07-31,0.061381074168797865,AME
2018-05-02,0.08033240997229925,AME
2018-02-01,0.047832585949177754,AME
2017-11-02,0.06451612903225812,AME
2017-08-02,0.04333868378812203,AME
2017-05-02,0.06194690265486732,AME
2017-02-07,0.0017182130584192457,AME
2016-11-01,0.0163339382940109,AME
2016-08-04,0.0016977928692699506,AME
2016-04-28,-0.0034965034965035,AME
2016-02-05,-0.007898894154818332,AME
2015-10-27,0.003086419753086422,AME
2015-08-05,0.0062893081761006345,AME
2015-04-29,0.012759170653907507,AME
2015-01-28,0.029268292682926855,AME
2014-10-28,0.006568144499178988,AME
2014-08-05,0.03565365025466896,AME
2014-05-06,0.012433392539964488,AME
2025-05-01,,AMGN
2025-02-04,-0.5243253890092574,AMGN
2024-10-30,-0.260835457932928,AMGN
2024-08-06,-0.5519662921348314,AMGN
2024-05-02,-0.7954314720812182,AMGN
2024-02-06,-0.5928260869565216,AMGN
2023-10-31,-0.1732905982905982,AMGN
2023-08-03,-0.23020298906981923,AMGN
2023-04-27,-0.021337496747332773,AMGN
2023-01-31,-0.31118195193722414,AMGN
2022-11-03,-0.15221796892591752,AMGN
2022-08-04,0.03162412468940605,AMGN
2022-04-27,0.022482893450635515,AMGN
2022-02-07,-0.18968058968058973,AMGN
2021-11-02,-0.2970505617977528,AMGN
2021-08-03,0.05495847581827055,AMGN
2021-04-27,-0.09925558312655094,AMGN
2021-02-02,-0.14799281006590778,AMGN
2020-10-28,0.15183522577237923,AMGN
2020-07-28,-0.16279683377308707,AMGN
2020-04-30,-0.18461134453781508,AMGN
2020-01-30,-0.1325088339222614,AMGN
2019-10-29,-0.06918060674794449,AMGN
2019-07-30,0.0025083612040133494,AMGN
2019-04-30,-0.08042663591813201,AMGN
2019-01-29,-0.07158152340165187,AMGN
2018-10-30,-0.043175891046073604,AMGN
2018-07-26,-0.02418447694038241,AMGN
2018-04-24,0.0308027380211575,AMGN
2018-02-01,-0.1305207646671061,AMGN
2017-10-25,-0.03245501285347043,AMGN
2017-07-25,-0.061454311454311544,AMGN
2017-04-26,-0.06819693945442437,AMGN
2017-02-02,-0.051272857655073584,AMGN
2016-10-27,0.13805436337625185,AMGN
2016-07-27,-0.07989784750091218,AMGN
2016-04-28,-0.010023130300693833,AMGN
2016-01-28,-0.0078740157480316,AMGN
2015-10-28,0.027789473684210458,AMGN
2015-07-30,-0.056128765992571245,AMGN
2015-04-21,0.1551642075202285,AMGN
2015-01-27,-0.06867998051631759,AMGN
2014-10-27,-0.10890151515151525,AMGN
2014-07-29,-0.02659574468085114,AMGN
2014-04-22,-0.229381443298969,AMGN
2025-04-30,,AMZN
2025-02-06,0.26187245590230673,AMZN
2024-10-31,0.25218914185639235,AMZN
2024-08-01,0.23772102161100195,AMZN
2024-04-30,0.19076549210206567,AMZN
2024-02-01,0.24223602484472043,AMZN
2023-10-26,0.6040955631399317,AMZN
2023-08-03,0.8518518518518521,AMZN
2023-04-27,0.4761904761904762,AMZN
2023-02-02,-0.823529411764706,AMZN
2022-10-27,0.25560538116591935,AMZN
2022-07-28,-2.3513513513513513,AMZN
2022-04-28,-1.8936170212765957,AMZN
2022-02-03,6.382978723404255,AMZN
2021-10-28,-0.31696428571428575,AMZN
2021-07-29,0.23577235772357727,AMZN
2021-04-29,0.6288659793814434,AMZN
2021-02-02,0.9157608695652173,AMZN
2020-10-29,0.6392572944297082,AMZN
2020-07-30,5.866666666666667,AMZN
2020-04-30,-0.20063694267515925,AMZN
2020-01-30,0.580487804878049,AMZN
2019-10-24,-0.07423580786026207,AMZN
2019-07-25,-0.06451612903225812,AMZN
2019-04-25,0.5170940170940169,AMZN
2019-01-31,0.0902527075812273,AMZN
2018-10-25,0.8580645161290321,AMZN
2018-07-26,1.0483870967741935,AMZN
2018-04-26,1.6031746031746033,AMZN
2018-02-01,1.0434782608695652,AMZN
2017-10-26,12.0,AMZN
2017-07-27,-0.7183098591549295,AMZN
2017-04-27,0.3703703703703703,AMZN
2017-02-02,0.13235294117647048,AMZN
2016-10-27,-0.31578947368421056,AMZN
2016-07-28,0.5892857142857142,AMZN
2016-04-28,0.9285714285714285,AMZN
2016-01-28,-0.3506493506493506,AMZN
2015-10-22,-2.2857142857142856,AMZN
2015-07-23,-2.428571428571429,AMZN
2015-04-23,-0.14285714285714285,AMZN
2015-01-29,1.5555555555555558,AMZN
2014-10-23,0.26315789473684215,AMZN
2014-07-24,0.75,AMZN
2014-04-24,0.090909090909091,AMZN
2025-03-06,-0.21224218230206252,AVGO
2024-12-12,-0.3075791022810891,AVGO
2024-09-05,-0.3996710526315789,AVGO
2024-06-12,-0.5217391304347826,AVGO
2024-03-07,-0.5700575815738964,AVGO
2023-12-07,-0.22598353156450138,AVGO
2023-08-31,-0.21284755512943432,AVGO
2023-06-01,-0.17832512315270932,AVGO
2023-03-02,-0.1328740157480315,AVGO
2022-12-08,-0.23121951219512185,AVGO
2022-09-01,-0.2418848167539267,AVGO
2022-05-26,-0.2634593356242841,AVGO
2022-03-03,-0.3013530135301353,AVGO
2021-12-09,-0.4144144144144144,AVGO
2021-09-02,-0.3737226277372263,AVGO
2021-06-03,-0.45116279069767445,AVGO
2021-03-04,-0.4840182648401826,AVGO
2020-12-10,-0.5008,AVGO
2020-09-03,-0.6621880998080615,AVGO
2020-06-04,-0.7553398058252427,AVGO
2020-03-12,-0.7584269662921348,AVGO
2019-12-12,-0.601113172541744,AVGO
2019-09-12,-0.6354775828460039,AVGO
2019-06-13,-0.6349514563106796,AVGO
2019-03-14,-0.5286259541984734,AVGO
2018-12-06,-0.44883303411131065,AVGO
2018-09-06,-0.41614906832298143,AVGO
2018-06-07,0.7042553191489364,AVGO
2018-03-15,-0.6613861386138613,AVGO
2017-12-06,-0.6269315673289184,AVGO
2017-08-24,-0.681592039800995,AVGO
2017-06-01,-0.6534090909090909,AVGO
2017-03-01,-0.6885714285714286,AVGO
2016-12-08,-0.7701492537313432,AVGO
2016-09-01,-1.0035714285714286,AVGO
2016-06-02,-0.6916666666666667,AVGO
2016-03-03,-0.2510822510822512,AVGO
2015-12-02,-0.2594142259414226,AVGO
2015-08-26,-0.3679245283018867,AVGO
2015-05-28,-0.2850000000000001,AVGO
2015-02-25,-0.26424870466321254,AVGO
2014-12-03,-0.6235294117647059,AVGO
2014-08-28,-0.9134615384615385,AVGO
2014-05-29,-0.11688311688311681,AVGO
2025-04-15,,BAC
2025-01-16,0.08062418725617677,BAC
2024-10-15,0.06570302233902765,BAC
2024-07-16,0.03879849812265321,BAC
2024-04-16,0.014341590612777066,BAC
2024-01-12,-0.4419306184012067,BAC
2023-10-17,0.11670761670761681,BAC
2023-07-18,0.08907363420427562,BAC
2023-04-18,0.15770171149144255,BAC
2023-01-13,0.12853470437017991,BAC
2022-10-17,0.10397946084724,BAC
2022-07-18,0.022788203753351225,BAC
2022-04-18,0.08064516129032265,BAC
2022-01-19,0.0874172185430463,BAC
2021-10-14,0.20845070422535214,BAC
2021-07-14,0.3485045513654095,BAC
2021-04-15,0.3297380585516178,BAC
2021-01-19,0.11009174311926594,BAC
2020-10-14,0.16363636363636355,BAC
2020-07-16,0.5833333333333334,BAC
2020-04-15,-0.31941923774954634,BAC
2020-01-15,0.106259097525473,BAC
2019-10-16,-0.17956204379562044,BAC
2019-07-17,0.06364922206506371,BAC
2019-04-16,0.08689024390243894,BAC
2019-01-16,0.13607594936708856,BAC
2018-10-15,0.08870967741935491,BAC
2018-07-16,0.1363636363636365,BAC
2018-04-16,0.05762711864406785,BAC
2018-01-17,0.09887640449438198,BAC
2017-10-13,0.030701754385964817,BAC
2017-07-18,0.13394919168591224,BAC
2017-04-18,0.35816618911174786,BAC
2017-01-13,0.09259259259259253,BAC
2016-10-17,0.28955223880597003,BAC
2016-07-18,0.32522796352583583,BAC
2016-04-14,0.43414634146341463,BAC
2016-01-19,0.12734082397003735,BAC
2015-10-14,0.20552147239263804,BAC
2015-07-15,0.25555555555555565,BAC
2015-04-15,0.006849315068493157,BAC
2015-01-15,-0.012779552715654964,BAC
2014-10-15,0.17295597484276728,BAC
2014-07-16,0.42808219178082196,BAC
2014-04-16,0.28464419475655434,BAC
2025-04-25,,CAT
2025-01-30,0.018016234409027953,CAT
2024-10-30,-0.03110361626381853,CAT
2024-08-06,0.15125746336167908,CAT
2024-04-25,0.09223868954758188,CAT
2024-02-05,0.10610864510674271,CAT
2023-10-31,0.15747536171105042,CAT
2023-08-01,0.26030416574829185,CAT
2023-04-27,0.5111169238817683,CAT
2023-01-31,0.031989924433249425,CAT
2022-10-27,0.24205225055083415,CAT
2022-08-02,0.07336417713152692,CAT
2022-04-28,0.10218140068886333,CAT
2022-01-28,0.3497580290365156,CAT
2021-10-28,0.20865603644646935,CAT
2021-07-30,0.08444259567387699,CAT
2021-04-29,0.48380462724935736,CAT
2021-01-29,0.599862258953168,CAT
2020-10-27,0.3674911660777387,CAT
2020-07-31,0.7215384615384615,CAT
2020-04-28,-0.14731182795698924,CAT
2020-01-31,0.2020661157024793,CAT
2019-10-23,-0.06896551724137923,CAT
2019-07-24,-0.06228042159054611,CAT
2019-04-24,0.05101327742837174,CAT
2019-01-28,-0.14858096828046755,CAT
2018-10-23,0.053091163115613044,CAT
2018-07-30,0.0808339429407462,CAT
2018-04-24,0.3015122873345935,CAT
2018-01-25,0.19774011299435032,CAT
2017-10-24,0.5409309791332263,CAT
2017-07-25,0.20352564102564102,CAT
2017-04-25,1.004807692307692,CAT
2017-01-26,0.28181818181818175,CAT
2016-10-25,0.1243386243386243,CAT
2016-07-26,0.13660062565172068,CAT
2016-04-22,-0.010339734121122608,CAT
2016-01-28,0.2049418604651163,CAT
2015-10-22,0.35834411384217335,CAT
2015-07-23,0.109350237717908,CAT
2015-04-23,0.43387815750371456,CAT
2015-01-27,-0.13695090439276483,CAT
2014-10-23,0.2670118343195266,CAT
2014-07-24,0.1346911957950066,CAT
2014-04-24,0.3016260162601626,CAT
2025-04-24,,CBRE
2025-02-13,-0.047427293064876905,CBRE
2024-10-24,0.11958568738229755,CBRE
2024-07-25,-0.0761636107193229,CBRE
2024-05-03,-0.1270072992700731,CBRE
2024-02-15,0.08706677937447166,CBRE
2023-10-27,-0.025185185185185206,CBRE
2023-07-27,-0.05836575875486386,CBRE
2023-04-27,-0.08972845336481695,CBRE
2023-02-23,0.04621848739495812,CBRE
2022-10-27,0.05367008681925814,CBRE
2022-08-04,-0.08273381294964029,CBRE
2022-05-05,0.19555143651529203,CBRE
2022-02-24,0.07594936708860767,CBRE
2021-10-28,0.017647058823529523,CBRE
2021-07-29,0.6906290115532733,CBRE
2021-04-29,0.051928783382789195,CBRE
2021-02-23,0.4451544195953142,CBRE
2020-10-29,0.2840095465393796,CBRE
2020-07-31,-0.23716381418092905,CBRE
2020-05-07,-0.15126050420168066,CBRE
2020-02-27,0.18796433878157495,CBRE
2019-11-06,-0.038167938931297746,CBRE
2019-08-01,-0.026143790849673224,CBRE
2019-05-08,0.019575856443719432,CBRE
2019-02-13,-0.057777777777777733,CBRE
2018-11-01,-0.2161803713527852,CBRE
2018-08-02,-0.11111111111111106,CBRE
2018-05-02,-0.16869918699186995,CBRE
2018-02-08,-0.18378378378378382,CBRE
2017-11-03,-0.12987012987012997,CBRE
2017-07-27,-0.04143126177024486,CBRE
2017-04-27,0.02719033232628401,CBRE
2017-02-10,-0.04838709677419359,CBRE
2016-10-27,-0.918,CBRE
2016-07-28,-0.2655038759689923,CBRE
2016-04-28,-0.3314121037463976,CBRE
2016-02-03,-0.1532567049808429,CBRE
2015-10-27,0.019693654266958443,CBRE
2015-07-29,-0.147196261682243,CBRE
2015-04-29,0.12790697674418594,CBRE
2015-02-04,-0.1798561151079137,CBRE
2014-10-29,-0.12068965517241374,CBRE
2014-07-29,-0.2303370786516853,CBRE
2014-04-30,0.12650602409638548,CBRE
2025-03-06,-0.0226112326768784,COST
2024-12-12,0.060645838802835354,COST
2024-09-26,0.05308861259127691,COST
2024-05-30,0.0010770059235325803,COST
2024-03-07,0.08167770419426043,COST
2023-12-14,0.048930559624963454,COST
2023-09-26,0.01673640167364018,COST
2023-05-25,0.03813559322033909,COST
2023-03-02,0.02611940298507451,COST
2022-12-08,-0.00967741935483879,COST
2022-09-22,0.014002897151134674,COST
2022-05-26,0.04862719153159106,COST
2022-03-03,0.05758783049619696,COST
2021-12-09,0.21848739495798322,COST
2021-09-23,0.09735509285312327,COST
2021-05-27,0.16084788029925187,COST
2021-03-04,-0.1254597466285247,COST
2020-12-10,0.2718446601941748,COST
2020-09-24,0.099402880224798,COST
2020-05-28,-0.013054830287206335,COST
2020-03-05,0.018428709990300805,COST
2019-12-12,0.11046171829339557,COST
2019-10-03,0.0573899371069182,COST
2019-05-30,0.03971318257032547,COST
2019-03-07,0.19005328596802826,COST
2018-12-13,0.06592729513247073,COST
2018-10-04,0.0008481764206954112,COST
2018-05-31,0.0071090047393364995,COST
2018-03-07,0.06783075889858964,COST
2017-12-14,0.08128262490678598,COST
2017-10-05,0.031234506693108663,COST
2017-05-25,0.04619970193740673,COST
2017-03-02,-0.13397483345669878,COST
2016-12-07,-0.014321819713563711,COST
2016-09-29,0.025492468134414855,COST
2016-05-25,0.016393442622950834,COST
2016-03-02,-0.03125000000000003,COST
2015-12-08,-0.06837606837606826,COST
2015-09-29,0.042796865581675676,COST
2015-05-27,0.012110726643598628,COST
2015-03-05,0.03299492385786815,COST
2014-12-10,0.02658111824014678,COST
2014-10-08,0.03742613263296137,COST
2014-05-29,-0.023722627737226297,COST
2025-02-26,-0.2810107197549771,CRM
2024-12-03,-0.26434426229508196,CRM
2024-08-28,-0.328516787080323,CRM
2024-05-29,-0.3535353535353535,CRM
2024-02-28,-0.2908208296557811,CRM
2023-11-29,-0.3476997578692494,CRM
2023-08-30,-0.26476793248945146,CRM
2023-05-31,-0.4505289359054138,CRM
2023-03-01,-0.37096774193548393,CRM
2022-11-30,-0.8424938474159147,CRM
2022-08-24,-0.9678988326848249,CRM
2022-05-31,-0.9758403361344538,CRM
2022-03-01,-1.0765100671140941,CRM
2021-11-30,-0.716304347826087,CRM
2021-08-25,-0.8665943600867679,CRM
2021-05-27,-0.7084745762711865,CRM
2021-02-25,-0.918558077436582,CRM
2020-12-01,-0.6288384512683578,CRM
2020-08-25,-0.8577844311377246,CRM
2020-05-28,-1.0835734870317004,CRM
2020-02-25,-1.5549549549549548,CRM
2019-12-03,-1.1954545454545455,CRM
2019-08-22,-0.6460554371002131,CRM
2019-06-04,-0.6534653465346535,CRM
2019-03-04,-0.3960216998191682,CRM
2018-11-27,-0.8662674650698603,CRM
2018-08-29,-0.4830508474576271,CRM
2018-05-29,-0.473568281938326,CRM
2018-02-28,-0.22388059701492538,CRM
2017-11-21,-0.6202185792349726,CRM
2017-08-22,-0.7879746835443038,CRM
2017-05-18,-1.0077220077220077,CRM
2017-02-28,-1.3346774193548387,CRM
2016-11-17,-1.2606635071090049,CRM
2016-08-31,0.5000000000000001,CRM
2016-05-18,-0.8017241379310345,CRM
2016-02-24,-1.198952879581152,CRM
2015-11-18,-1.3850267379679144,CRM
2015-08-20,-1.0057142857142858,CRM
2015-05-20,-1.2463768115942029,CRM
2015-02-25,-1.7573529411764703,CRM
2014-11-19,-1.625,CRM
2014-08-21,-1.8403361344537816,CRM
2014-05-20,-2.510204081632653,CRM
2025-05-02,,CVX
2025-01-31,-0.7382867960246096,CVX
2024-11-01,-0.05953372189841808,CVX
2024-08-02,-0.17737525632262477,CVX
2024-04-26,0.0496209510682287,CVX
2024-02-02,-0.3359975407316323,CVX
2023-10-27,-0.08084074373484232,CVX
2023-07-28,0.04094165813715459,CVX
2023-04-28,0.05764114691102567,CVX
2023-01-27,-0.08756731444626555,CVX
2022-10-28,0.1832725799918996,CVX
2022-07-29,0.257804632426989,CVX
2022-04-29,0.0500145391102065,CVX
2022-01-28,-0.1382296343810135,CVX
2021-10-29,0.37291947818263615,CVX
2021-07-30,0.14579439252336449,CVX
2021-04-30,0.1439645625692136,CVX
2021-01-29,-5.014084507042254,CVX
2020-10-30,-0.7573529411764706,CVX
2020-07-31,0.9701327433628317,CVX
2020-05-01,1.6803652968036527,CVX
2020-01-31,-0.2122866894197953,CVX
2019-11-01,0.0710868079289131,CVX
2019-08-02,0.01645856980703741,CVX
2019-04-26,0.12688821752265855,CVX
2019-02-01,0.03713670613562968,CVX
2018-11-02,0.18999028182701655,CVX
2018-07-27,-0.040845747236905317,CVX
2018-04-27,0.2934782608695652,CVX
2018-02-02,-0.38838920686835654,CVX
2017-10-27,-0.14014014014014015,CVX
2017-07-28,-0.002290950744558994,CVX
2017-04-28,0.22721893491124254,CVX
2017-01-27,-0.64576802507837,CVX
2016-10-28,0.41978609625668456,CVX
2016-07-29,0.7160493827160495,CVX
2016-04-29,0.5449438202247193,CVX
2016-01-29,-0.5675105485232068,CVX
2015-10-30,0.5039577836411608,CVX
2015-07-31,-0.27178602243313205,CVX
2015-05-01,0.40989847715736033,CVX
2015-01-30,-0.1507016473459427,CVX
2014-10-31,0.10321556173084548,CVX
2014-08-01,-0.0072188449848024795,CVX
2014-05-02,-0.008320126782884274,CVX
2025-04-22,,DHR
2025-01-29,-0.22638888888888892,DHR
2024-10-22,-0.25968992248062023,DHR
2024-07-23,-0.19696010132995564,DHR
2024-04-23,-0.14277355178466938,DHR
2024-01-30,-0.07869884575026229,DHR
2023-10-24,-0.42780748663101603,DHR
2023-07-25,-0.47706879361914256,DHR
2023-04-25,-0.27360562143170847,DHR
2023-01-24,-0.13397129186602866,DHR
2022-10-20,-0.0017849174475680514,DHR
2022-07-21,0.0021312872975276613,DHR
2022-04-12,-0.12636329447160582,DHR
2022-01-27,-0.10870421425758181,DHR
2021-10-21,-0.07766990291262123,DHR
2021-07-22,0.019550342130987313,DHR
2021-04-22,0.216308040770102,DHR
2021-01-28,-0.04364224137931044,DHR
2020-10-22,-0.013206162876008816,DHR
2020-07-23,-0.09149130832570904,DHR
2020-05-06,-0.0821114369501466,DHR
2020-01-30,-0.11731843575418979,DHR
2019-10-24,-0.23519163763066195,DHR
2019-07-18,-0.2247191011235955,DHR
2019-04-18,-0.5393700787401575,DHR
2019-01-29,-0.2437106918238994,DHR
2018-10-18,-0.1348837209302325,DHR
2018-07-19,-0.1297148114075437,DHR
2018-04-19,-0.10352187833511214,DHR
2018-01-30,-0.4939550949913644,DHR
2017-10-19,-0.15005246589716675,DHR
2017-07-20,-0.16202270381836936,DHR
2017-04-20,-0.21708185053380777,DHR
2017-01-31,-0.21650485436893202,DHR
2016-10-20,0.031515151515151545,DHR
2016-07-25,-0.4155629139072848,DHR
2016-04-21,-0.37900874635568504,DHR
2016-01-26,-0.04409448818897642,DHR
2015-10-22,-0.40330417881438285,DHR
2015-07-23,-0.0663461538461539,DHR
2015-04-23,-0.1316916488222698,DHR
2015-01-27,0.013550135501355125,DHR
2014-10-16,-0.026905829596412578,DHR
2014-07-17,0.010638297872340436,DHR
2014-04-16,0.012500000000000011,DHR
2025-05-01,,EL
2025-02-04,0.9082568807339448,EL
2024-10-31,0.576086956521739,EL
2024-08-19,1.4377358490566037,EL
2024-05-01,1.010438413361169,EL
2024-02-05,0.6199999999999999,EL
2023-11-01,-1.5441176470588236,EL
2023-08-18,-2.9736842105263155,EL
2023-05-03,-0.08171206225680941,EL
2023-02-02,0.1846153846153846,EL
2022-11-02,0.04761904761904766,EL
2022-08-18,0.3134796238244513,EL
2022-05-03,0.13737252549490095,EL
2022-02-03,0.14809160305343508,EL
2021-11-02,0.12004730928444698,EL
2021-08-19,0.367588932806324,EL
2021-05-03,0.2259036144578312,EL
2021-02-05,0.5710041592394534,EL
2020-11-02,0.5971143174250833,EL
2020-08-20,1.388059701492537,EL
2020-05-01,0.2619680851063829,EL
2020-02-06,0.7555205047318613,EL
2019-10-31,0.04448621553884709,EL
2019-08-19,0.20825515947467163,EL
2019-05-01,0.20307692307692307,EL
2019-02-05,0.17658473479948247,EL
2018-10-31,0.15359477124183002,EL
2018-08-20,0.07664884135472357,EL
2018-05-02,0.0937207122774134,EL
2018-02-02,0.05682605682605672,EL
2017-11-01,0.2481977342945417,EL
2017-08-18,0.11832946635730857,EL
2017-05-03,0.3813443072702331,EL
2017-02-02,0.04522184300341311,EL
2016-11-02,0.06649937264742777,EL
2016-08-19,-0.02512562814070354,EL
2016-05-03,0.24302134646962237,EL
2016-02-05,0.11573236889692576,EL
2015-11-02,0.193687230989957,EL
2015-08-17,0.2163742690058478,EL
2015-05-05,0.4305283757338551,EL
2015-02-05,0.08317399617590819,EL
2014-11-04,0.08529945553539006,EL
2014-08-15,0.21415607985480942,EL
2014-05-02,0.16545454545454538,EL
2025-04-24,,EMN
2025-01-30,0.396058486967578,EMN
2024-10-31,0.05706267539756777,EMN
2024-07-25,0.06987115956392469,EMN
2024-04-25,0.013148788927335574,EMN
2024-02-01,-0.07098765432098772,EMN
2023-10-26,0.014542936288088733,EMN
2023-07-27,0.39361154044307056,EMN
2023-04-28,0.05764611689351468,EMN
2023-01-26,-0.2919649960222752,EMN
2022-10-27,0.019970044932601114,EMN
2022-07-28,0.03623459096002987,EMN
2022-04-28,-0.12340425531914898,EMN
2022-01-27,-0.1137949543746645,EMN
2021-10-28,0.00896860986547095,EMN
2021-08-02,0.08075601374570454,EMN
2021-04-29,0.032859244727807616,EMN
2021-01-28,0.12125249833444382,EMN
2020-10-29,0.11988304093567245,EMN
2020-08-03,-0.18589132507149664,EMN
2020-04-30,0.1803374054682954,EMN
2020-01-30,0.07518796992481193,EMN
2019-10-24,-0.024181360201511355,EMN
2019-07-25,-0.04745925215723862,EMN
2019-04-25,-0.05302624531333689,EMN
2019-01-31,-0.13225202744853398,EMN
2018-10-25,0.019205587079877802,EMN
2018-07-26,0.005444646098003634,EMN
2018-04-26,0.06934481109516978,EMN
2018-02-01,-0.03305004721435309,EMN
2017-10-26,0.07870142646335472,EMN
2017-07-27,0.04986876640419946,EMN
2017-04-27,0.07325383304940375,EMN
2017-01-26,0.01474530831099197,EMN
2016-10-27,0.10712148414123282,EMN
2016-07-28,-0.049797336421540286,EMN
2016-04-28,0.12148922273024179,EMN
2016-01-28,0.032278889606197576,EMN
2015-10-29,0.06300923411189577,EMN
2015-07-27,0.09229929000546153,EMN
2015-04-30,0.13793103448275862,EMN
2015-01-29,0.012434554973821928,EMN
2014-10-30,0.19966722129783687,EMN
2014-07-28,0.04518236254763199,EMN
2014-04-24,0.03596214511041006,EMN
2025-04-23,,EW
2025-02-11,0.059999999999999845,EW
2024-10-24,0.038940809968847384,EW
2024-07-24,0.012949640287769796,EW
2024-04-25,0.015552099533437027,EW
2024-02-06,-0.13302034428794987,EW
2023-10-25,-0.14478114478114473,EW
2023-07-26,-0.11419753086419764,EW
2023-04-26,0.021416803953871518,EW
2023-01-31,0.052287581699346455,EW
2022-10-27,-0.016077170418006444,EW
2022-07-28,-0.020312500000000018,EW
2022-04-26,0.04020979020979025,EW
2022-01-26,-0.07861060329067648,EW
2021-10-27,0.02071563088512243,EW
2021-07-29,0.14259927797833927,EW
2021-04-20,0.14345991561181448,EW
2021-01-27,-0.06203007518796998,EW
2020-10-21,0.16742081447963802,EW
2020-07-23,0.8225806451612905,EW
2020-04-23,0.1835294117647059,EW
2020-01-30,-0.022222222222222244,EW
2019-10-23,-0.6446078431372549,EW
2019-07-23,-0.09954751131221716,EW
2019-04-23,0.07090464547677268,EW
2019-01-31,-0.017948717948717965,EW
2018-10-23,0.023598820058996904,EW
2018-07-26,0.0026525198938992067,EW
2018-04-24,-0.029649595687331564,EW
2018-02-01,-0.059016393442623,EW
2017-10-24,-0.06620209059233437,EW
2017-07-26,0.11564625850340148,EW
2017-04-25,0.3443223443223442,EW
2017-02-01,0.046025104602510504,EW
2016-10-25,-0.0088495575221239,EW
2016-07-26,0.06437768240343342,EW
2016-04-26,0.06849315068493157,EW
2016-02-02,0.0904522613065326,EW
2015-10-26,0.11042944785276065,EW
2015-07-28,-0.03389830508474564,EW
2015-04-23,-0.46551724137931033,EW
2015-02-03,-0.38125,EW
2014-10-23,0.2892561983471075,EW
2014-07-29,0.07751937984496131,EW
2014-04-24,-0.13043478260869565,EW
2025-04-22,,GE
2025-01-23,0.26634615384615373,GE
2024-10-22,0.02480070859167407,GE
2024-07-23,0.22741116751269044,GE
2024-04-23,1.415902140672783,GE
2024-01-23,-0.2819383259911894,GE
2023-10-24,0.5800711743772241,GE
2023-07-25,0.6263498920086392,GE
2023-04-25,47.37777777777777,GE
2023-01-24,0.14334763948497856,GE
2022-10-25,-1.5790598290598292,GE
2022-07-26,-0.16981132075471697,GE
2022-04-26,-1.5612244897959182,GE
2022-01-25,-0.04171632896305116,GE
2021-10-26,0.23598130841121503,GE
2021-07-27,-0.1654676258992806,GE
2021-04-27,-0.2807017543859649,GE
2021-01-26,-0.3611491108071135,GE
2020-10-28,-2.417956656346749,GE
2020-07-29,0.4616457461645747,GE
2020-04-29,-0.7430069930069929,GE
2020-01-29,-0.27690100430416065,GE
2019-10-30,-0.558884297520661,GE
2019-07-31,0.3560767590618338,GE
2019-04-30,0.46013986013986025,GE
2019-01-31,-0.46933033202025887,GE
2018-10-30,-0.37616387337057733,GE
2018-07-20,-0.002842928216062547,GE
2018-04-20,-0.2933194154488517,GE
2018-01-24,-2.715984147952444,GE
2017-10-20,-0.5859808371154817,GE
2017-07-21,-0.1328007988017973,GE
2017-04-21,-0.2022140221402214,GE
2017-01-20,0.08394458027709865,GE
2016-10-21,0.00835073068893529,GE
2016-07-22,-0.5120547945205479,GE
2016-04-22,-0.44480731548007835,GE
2016-01-22,-0.2838008592367955,GE
2015-10-16,-0.03671912255603241,GE
2015-07-17,-0.2536520584329349,GE
2015-04-17,-0.42791666666666667,GE
2015-01-23,-0.2471343420449336,GE
2014-10-17,-0.24748153122901279,GE
2014-07-18,-0.28929024081115345,GE
2014-04-17,-0.14825009830908384,GE
2025-04-25,,GOOGL
2025-02-04,0.009389671361502356,GOOGL
2024-10-29,0.15342763873775844,GOOGL
2024-07-23,0.02550189907759085,GOOGL
2024-04-25,0.23772102161100198,GOOGL
2024-01-30,0.03079824010056564,GOOGL
2023-10-24,0.058020477815699634,GOOGL
2023-07-25,0.08597285067873293,GOOGL
2023-04-25,0.07933579335793343,GOOGL
2023-02-02,-0.11616161616161608,GOOGL
2022-10-25,-0.15132105684547642,GOOGL
2022-07-26,-0.1149341142020498,GOOGL
2022-04-26,-0.03752931978107883,GOOGL
2022-02-01,-0.9439184268026221,GOOGL
2021-10-26,0.19148936170212755,GOOGL
2021-07-27,0.4257322175732218,GOOGL
2021-04-27,0.6815856777493605,GOOGL
2021-02-02,0.4294871794871794,GOOGL
2020-10-29,0.4385964912280702,GOOGL
2020-07-30,0.22760290556900734,GOOGL
2020-04-28,-0.048262548262548305,GOOGL
2020-02-03,0.22880000000000003,GOOGL
2019-10-28,-0.18122977346278316,GOOGL
2019-07-25,0.26964285714285696,GOOGL
2019-04-29,-0.0986717267552183,GOOGL
2019-02-04,0.17679558011049717,GOOGL
2018-10-25,0.24856596558317398,GOOGL
2018-07-23,-0.5221052631578947,GOOGL
2018-04-23,0.4375,GOOGL
2018-02-01,-1.4322709163346612,GOOGL
2017-10-26,0.14868105515587532,GOOGL
2017-07-24,0.1255605381165919,GOOGL
2017-04-27,0.043126684636118635,GOOGL
2017-01-26,-0.015625000000000014,GOOGL
2016-10-27,0.07396449704142001,GOOGL
2016-07-28,0.08695652173913034,GOOGL
2016-04-21,-0.04140127388535036,GOOGL
2016-02-01,0.07621951219512185,GOOGL
2015-10-22,-0.013745704467353966,GOOGL
2015-07-16,-0.08518518518518525,GOOGL
2015-04-23,-0.04135338345864665,GOOGL
2015-01-29,-0.056140350877192845,GOOGL
2014-10-16,-0.27037037037037037,GOOGL
2014-07-17,-0.01581027667984191,GOOGL
2014-04-16,-0.0037313432835820925,GOOGL
2025-02-25,-0.004942339373970386,HD
2024-11-12,0.0027322404371584114,HD
2024-08-13,0.017699115044247805,HD
2024-05-14,0.00861350375104187,HD
2024-02-20,0.018786127167630076,HD
2023-11-14,0.012759170653907507,HD
2023-08-15,0.043771043771043835,HD
2023-05-16,0.005263157894736847,HD
2023-02-21,0.009791921664626693,HD
2022-11-15,0.02613746369796722,HD
2022-08-16,0.013445715432470435,HD
2022-05-17,0.10212880625168419,HD
2022-02-22,0.00438047559449305,HD
2021-11-16,0.15736640094478888,HD
2021-08-17,0.02465505541732639,HD
2021-05-18,0.263089005235602,HD
2021-02-23,0.029788838612367922,HD
2020-11-17,0.04125736738703351,HD
2020-08-18,0.09806063916962567,HD
2020-05-19,-0.07555555555555553,HD
2020-02-25,0.081081081081081,HD
2019-11-19,0.001980198019801938,HD
2019-08-20,0.028219266947778054,HD
2019-05-21,0.04032997250229151,HD
2019-02-26,0.046694405917706884,HD
2018-11-13,0.10914714980114887,HD
2018-08-14,0.07243319268635723,HD
2018-05-15,0.014139444173573823,HD
2018-02-20,-0.00244947948560931,HD
2017-11-14,0.011544804837823051,HD
2017-08-15,0.016260162601626032,HD
2017-05-16,0.03469640644361823,HD
2017-02-21,0.0689655172413792,HD
2016-11-15,0.020253164556962043,HD
2016-08-16,-0.03658536585365857,HD
2016-05-17,0.06508875739644959,HD
2016-02-23,0.0643115942028985,HD
2015-11-17,0.031084154662623313,HD
2015-08-18,0.0017574692442881613,HD
2015-05-19,0.009548611111111216,HD
2015-02-24,0.17713004484304937,HD
2014-11-18,0.028268551236749144,HD
2014-08-19,0.045706371191135776,HD
2014-05-20,-0.026369168356997996,HD
2025-04-29,,HON
2025-02-06,0.02191663085517841,HON
2024-10-24,-0.11818543573418214,HON
2024-07-25,0.020108923334729804,HON
2024-04-25,0.07271053842613893,HON
2024-02-01,0.05250965250965256,HON
2023-10-26,0.07306140744060971,HON
2023-07-27,0.08083560399636691,HON
2023-04-27,0.16155844155844165,HON
2023-02-02,0.06402561024409752,HON
2022-10-27,0.0952159777055272,HON
2022-07-28,0.058649581074421,HON
2022-04-29,0.14308768154922002,HON
2022-02-03,0.07845036319612587,HON
2021-10-22,-0.04563691073219658,HON
2021-07-23,0.07407407407407414,HON
2021-04-23,0.15888888888888877,HON
2021-01-29,-0.28214107053526766,HON
2020-10-30,0.4936112979152656,HON
2020-07-24,0.2957393483709272,HON
2020-05-01,0.15693245302183845,HON
2020-01-31,0.09696376101860942,HON
2019-10-17,0.026381284221005444,HON
2019-07-18,0.02257444764649383,HON
2019-04-18,0.04964539007092197,HON
2019-02-01,0.18951826363155103,HON
2018-10-19,0.2022077270446562,HON
2018-07-20,0.19473422752111272,HON
2018-04-20,0.13648293963254593,HON
2018-01-26,-2.5730581205866376,HON
2017-10-20,0.10996563573883159,HON
2017-07-21,0.11811023622047243,HON
2017-04-21,0.12014787430683922,HON
2017-01-27,-0.09948246118458887,HON
2016-10-21,0.06624999999999992,HON
2016-07-22,0.10725167580743444,HON
2016-04-22,0.10859427048634247,HON
2016-01-29,0.04734848484848482,HON
2015-10-16,0.1075129533678756,HON
2015-07-17,0.08310991957104565,HON
2015-04-17,0.08901651112706381,HON
2015-01-23,-0.13559322033898302,HON
2014-10-17,0.11268603827073,HON
2014-07-18,0.08689248895434454,HON
2014-04-17,0.07606973058637091,HON
2025-04-23,,IBM
2025-01-29,0.15972222222222207,IBM
2024-10-23,-0.017591339648173273,IBM
2024-07-24,0.12431693989071023,IBM
2024-04-24,-0.04714016341923316,IBM
2024-01-24,-0.06918573709419898,IBM
2023-10-25,-0.10586552217453504,IBM
2023-07-19,0.1399999999999999,IBM
2023-04-19,0.2741806554756197,IBM
2023-01-25,-0.10212053571428574,IBM
2022-10-19,-0.08849557522123902,IBM
2022-07-18,-0.04064685314685314,IBM
2022-04-19,-0.00779588944011348,IBM
2022-01-24,-0.11174698795180724,IBM
2021-10-20,-0.42998417721518983,IBM
2021-07-19,-0.41978021978021973,IBM
2021-04-19,-0.3182093163944344,IBM
2021-01-21,-0.17085427135678383,IBM
2020-10-19,-0.12088353413654623,IBM
2020-07-20,0.08841607565011811,IBM
2020-04-20,0.09914712153518121,IBM
2020-01-21,-0.03159018143009599,IBM
2019-10-16,-0.04289940828402371,IBM
2019-07-17,0.22503242542153046,IBM
2019-04-16,-0.032927379341452394,IBM
2019-01-22,0.08127721335268494,IBM
2018-10-16,-0.03817914831130687,IBM
2018-07-18,0.00296247531270584,IBM
2018-04-17,0.1957781456953642,IBM
2018-01-18,-0.041553923463471344,IBM
2017-10-17,-0.05604629911666151,IBM
2017-07-18,0.0,IBM
2017-04-18,0.05325948018747337,IBM
2017-01-19,0.010040983606557455,IBM
2016-10-17,-0.055040197897340735,IBM
2016-07-18,-0.045344409830391064,IBM
2016-04-18,0.43791786055396387,IBM
2016-01-19,-0.013300083125519545,IBM
2015-10-19,0.06842264607932182,IBM
2015-07-20,-0.01982029598308661,IBM
2015-04-20,0.13796791443850268,IBM
2015-01-20,-0.040872942481967836,IBM
2014-10-20,0.34422052351169785,IBM
2014-07-17,-0.0468460111317254,IBM
2014-04-16,0.17172115005907834,IBM
2025-04-24,,INTC
2025-01-30,-1.9349593495934958,INTC
2024-10-31,93.75,INTC
2024-08-01,-2.705882352941176,INTC
2024-04-25,-0.5522388059701493,INTC
2024-01-25,-0.08539325842696636,INTC
2023-10-26,0.009302325581395357,INTC
2023-07-27,-9.45945945945946,INTC
2023-04-27,4.298701298701299,INTC
2023-01-26,-1.5824742268041236,INTC
2022-10-27,-0.13897280966767384,INTC
2022-07-28,-1.1327433628318584,INTC
2022-04-28,-0.18532338308457713,INTC
2022-01-26,-0.012168141592920364,INTC
2021-10-21,0.12815884476534287,INTC
2021-07-22,0.09746954076850993,INTC
2021-04-22,0.039439088518843056,INTC
2021-01-21,-0.03690369036903684,INTC
2020-10-22,-0.09536784741144412,INTC
2020-07-23,0.02336028751123093,INTC
2020-04-23,0.06947697111631553,INTC
2020-01-23,0.09265175718849848,INTC
2019-10-24,0.05564516129032254,INTC
2019-07-25,0.011802575107296029,INTC
2019-04-25,-0.10068649885583521,INTC
2019-01-24,-0.06229508196721317,INTC
2018-10-25,0.1432291666666667,INTC
2018-07-26,-0.02385892116182575,INTC
2018-04-26,0.03225806451612906,INTC
2018-01-25,-0.9063583815028902,INTC
2017-10-26,0.0435865504358654,INTC
2017-07-27,0.9985294117647057,INTC
2017-04-27,-0.05084745762711869,INTC
2017-01-26,0.014725568942436425,INTC
2016-10-18,0.026063100137174236,INTC
2016-07-20,-0.3271028037383178,INTC
2016-04-19,0.07377049180327876,INTC
2016-01-14,0.1444099378881987,INTC
2015-10-13,0.008130081300813016,INTC
2015-07-15,0.049723756906077186,INTC
2015-04-14,-0.023255813953488393,INTC
2015-01-15,0.0528634361233479,INTC
2014-10-14,-0.007462686567164185,INTC
2014-07-15,0.003616636528028936,INTC
2014-04-15,0.007633587786259549,INTC
2025-04-15,,JNJ
2025-01-22,-0.18655967903711126,JNJ
2024-10-15,-0.08005489478499535,JNJ
2024-07-17,-0.10310421286031039,JNJ
2024-04-16,-0.4478851963746224,JNJ
2024-01-23,-0.22753178430512938,JNJ
2023-10-17,-0.09401031336771126,JNJ
2023-07-20,-0.15986264784433424,JNJ
2023-04-18,-0.17850059500198323,JNJ
2023-01-24,-0.21698113207547165,JNJ
2022-10-18,-0.22858286629303448,JNJ
2022-07-19,-0.22052487269878573,JNJ
2022-04-19,-0.13954387321221498,JNJ
2022-01-25,-0.17225106182161407,JNJ
2021-10-19,-0.05423728813559308,JNJ
2021-07-21,-0.08650065530799474,JNJ
2021-04-20,-0.06092884533446945,JNJ
2021-01-26,-0.17369863013698628,JNJ
2020-10-13,-0.021673387096774157,JNJ
2020-07-16,-0.11599999999999995,JNJ
2020-04-14,0.02104208416833658,JNJ
2020-01-22,-0.1546281433921883,JNJ
2019-10-15,-0.1080139372822299,JNJ
2019-07-16,-0.09665579119086465,JNJ
2019-04-16,-0.12285012285012295,JNJ
2019-01-22,-0.16760635571501792,JNJ
2018-10-16,-0.16609167077378018,JNJ
2018-07-17,-0.1583775953645582,JNJ
2018-04-17,-0.15127309036445338,JNJ
2018-01-23,-0.16821345707656615,JNJ
2017-10-17,-0.1358846367165834,JNJ
2017-07-18,-0.04804469273743021,JNJ
2017-04-18,-0.014124293785310684,JNJ
2017-01-24,-0.03964194373401538,JNJ
2016-10-18,-0.05992736077481839,JNJ
2016-07-19,-0.018452380952380904,JNJ
2016-04-19,0.008500303582270803,JNJ
2016-01-26,0.017618040873854764,JNJ
2015-10-13,-0.06955922865013772,JNJ
2015-07-14,-0.15937687237866988,JNJ
2015-04-14,-0.03531720078482657,JNJ
2015-01-20,0.014342629482071727,JNJ
2014-10-14,0.04022191400832181,JNJ
2014-07-15,0.07553260167850226,JNJ
2014-04-15,0.03926878808395384,JNJ
2025-04-11,0.10752221981357024,JPM
2025-01-15,0.1914634146341464,JPM
2024-10-11,0.11524070840608623,JPM
2024-07-12,0.45628798503973844,JPM
2024-04-12,0.061915046796256305,JPM
2024-01-12,-0.13878905170030406,JPM
2023-10-13,0.13862138874809937,JPM
2023-07-14,0.2674327500652911,JPM
2023-04-14,0.23912400118378227,JPM
2023-01-13,0.1608527131782945,JPM
2022-10-14,0.09138290479499649,JPM
2022-07-14,-0.01560874089490112,JPM
2022-04-13,0.026093348033810998,JPM
2022-01-14,0.12575250836120397,JPM
2021-10-13,0.26514131897711973,JPM
2021-07-13,0.21485242780069821,JPM
2021-04-14,0.4953550099535501,JPM
2021-01-15,0.47197865040030496,JPM
2020-10-13,0.35312361541869725,JPM
2020-07-14,0.40019860973187693,JPM
2020-04-14,-0.612330686595049,JPM
2020-01-14,0.21916066129715978,JPM
2019-10-15,0.09201954397394137,JPM
2019-07-16,0.04123298638911119,JPM
2019-04-12,0.11814704632384171,JPM
2019-01-15,-0.10426110607434269,JPM
2018-10-12,0.03669319186560574,JPM
2018-07-13,0.031067086897793764,JPM
2018-04-13,0.04787000439174351,JPM
2018-01-12,-0.07142857142857142,JPM
2017-10-12,0.0526315789473684,JPM
2017-07-14,0.1516108654453569,JPM
2017-04-13,0.11338167435728422,JPM
2017-01-13,0.2270497547302031,JPM
2016-10-14,0.1273381294964029,JPM
2016-07-14,0.006289308176100556,JPM
2016-04-13,0.0701754385964913,JPM
2016-01-14,-0.013385826771653642,JPM
2015-10-13,0.39272727272727276,JPM
2015-07-14,0.10103806228373696,JPM
2015-04-14,0.1189801699716715,JPM
2015-01-14,0.1101823708206687,JPM
2014-10-14,0.06421356421356436,JPM
2014-07-15,0.19601837672281777,JPM
2025-04-29,,KO
2025-02-11,0.04633204633204637,KO
2024-10-23,0.040268456375838965,KO
2024-07-23,0.04094292803970213,KO
2024-04-30,0.03873744619799143,KO
2024-02-13,-0.0020491803278688543,KO
2023-10-24,0.04899135446685884,KO
2023-07-26,0.08901251738525738,KO
2023-04-24,0.0787037037037036,KO
2023-02-14,-0.002227171492204902,KO
2022-10-25,0.08163265306122439,KO
2022-07-26,0.05373134328358197,KO
2022-04-25,0.10671256454388994,KO
2022-02-10,0.0900243309002434,KO
2021-10-27,0.12651646447140394,KO
2021-07-21,0.2085561497326203,KO
2021-04-19,0.10557768924302798,KO
2021-02-10,0.12440191387559807,KO
2020-10-22,0.18279569892473121,KO
2020-07-21,0.0474999999999999,KO
2020-04-21,0.16173120728929385,KO
2020-01-30,0.04347826086956526,KO
2019-10-18,-0.003539823008849561,KO
2019-07-23,0.043973941368078216,KO
2019-04-23,0.02807775377969753,KO
2019-02-14,0.03255813953488375,KO
2018-10-30,0.061594202898550575,KO
2018-07-25,0.019933554817275767,KO
2018-04-24,0.05010893246187356,KO
2018-02-16,0.049350649350649395,KO
2017-10-25,0.0225409836065574,KO
2017-07-26,0.20869565217391306,KO
2017-04-25,-0.013729977116704819,KO
2017-02-09,0.008174386920980934,KO
2016-10-26,0.022821576763485497,KO
2016-07-27,0.017152658662092642,KO
2016-04-20,0.02934537246049664,KO
2016-02-09,0.018766756032171598,KO
2015-10-21,0.011952191235059771,KO
2015-07-22,0.041597337770382735,KO
2015-04-22,0.2222222222222223,KO
2015-02-10,0.023752969121140166,KO
2014-10-21,0.003795066413662242,KO
2014-07-22,-0.0063191153238546655,KO
2014-04-15,-0.02721088435374152,KO
2025-05-01,,LIN
2025-02-06,0.009954058192955513,LIN
2024-10-31,0.012596401028277616,LIN
2024-08-02,0.01477572559366756,LIN
2024-05-02,0.025711159737417905,LIN
2024-02-06,0.036972848064702385,LIN
2023-10-26,0.017072488105233683,LIN
2023-07-27,0.05535820011841321,LIN
2023-04-27,0.1085899513776337,LIN
2023-02-07,0.08878183069511356,LIN
2022-10-27,0.05329260013577733,LIN
2022-07-28,0.043726875210225474,LIN
2022-04-28,0.06105491329479771,LIN
2022-02-10,0.033283470456245315,LIN
2021-10-28,0.02623688155922033,LIN
2021-07-30,0.06220472440944878,LIN
2021-05-06,0.11002227171492199,LIN
2021-02-05,0.06737918215613384,LIN
2020-11-05,0.09243270695784647,LIN
2020-07-30,0.15324046032707445,LIN
2020-05-07,0.027188689505165876,LIN
2020-02-13,0.03663203936577362,LIN
2019-11-12,0.08156424581005581,LIN
2019-08-05,0.00519031141868519,LIN
2019-05-10,0.019745222929936253,LIN
2019-03-18,-0.0059055118110237,LIN
2018-12-06,-0.15,LIN
2019-08-05,-0.1391534391534391,LIN
2018-06-05,,LIN
2025-05-01,,LLY
2025-02-06,0.06534260178748753,LLY
2024-10-30,1.3038637851997381,LLY
2024-08-08,0.49942726231386014,LLY
2024-04-30,0.04926108374384241,LLY
2024-02-06,0.436580882352941,LLY
2023-11-02,-17.086419753086417,LLY
2023-08-08,0.0446562970396386,LLY
2023-04-27,-0.0743124634289058,LLY
2023-02-02,0.45259593679458227,LLY
2022-11-01,0.0015552099533436452,LLY
2022-08-04,-0.06658521686010994,LLY
2022-04-28,0.09491525423728822,LLY
2022-02-03,-0.09746274667740636,LLY
2021-10-26,-0.07040082219938336,LLY
2021-08-03,0.012678288431061818,LLY
2021-04-27,-0.16564126833885476,LLY
2021-01-29,0.10789252728799315,LLY
2020-10-27,-0.2498567335243554,LLY
2020-07-30,0.1180124223602484,LLY
2020-04-23,0.1310390469887493,LLY
2020-01-30,0.10636900853578474,LLY
2019-10-23,0.022064056939501718,LLY
2019-07-30,0.0075862068965518075,LLY
2019-04-30,-0.06149116064565707,LLY
2019-02-06,-0.09723261032161548,LLY
2018-11-06,-0.12044609665427504,LLY
2018-07-24,0.010802469135802479,LLY
2018-04-24,-0.007929515418502307,LLY
2018-01-31,-0.03631284916201131,LLY
2017-10-24,-0.07879377431906621,LLY
2017-07-25,-0.06482364156339367,LLY
2017-04-25,-0.12876427829698858,LLY
2017-01-31,-0.14110429447852763,LLY
2016-10-25,-0.2115183246073298,LLY
2016-07-26,-0.127039627039627,LLY
2016-04-26,-0.15130023640661938,LLY
2016-01-28,-0.1392081736909323,LLY
2015-10-22,0.027631578947368444,LLY
2015-07-23,0.04347826086956526,LLY
2015-04-23,-0.0026143790849673227,LLY
2015-01-30,-0.10231923601637102,LLY
2014-10-23,-0.093233082706767,LLY
2014-07-24,-0.018404907975460138,LLY
2014-04-24,-0.07244318181818173,LLY
2025-05-01,,MA
2025-01-30,0.03656554712892735,MA
2024-10-31,0.04209115281501341,MA
2024-07-31,0.020471993176002293,MA
2024-05-01,0.023514851485148397,MA
2024-01-31,0.030155642023346294,MA
2023-10-26,0.052386856788592694,MA
2023-07-27,0.10500177367860954,MA
2023-04-27,0.03167587476979753,MA
2023-01-26,0.026387272021730718,MA
2022-10-27,0.05179127725856698,MA
2022-07-28,0.0862944162436549,MA
2022-04-28,0.14235190097259065,MA
2022-01-27,0.05919566199728865,MA
2021-10-28,0.08528198074277851,MA
2021-07-29,0.11307824100514002,MA
2021-04-29,0.10246679316888055,MA
2021-01-28,0.08256274768824307,MA
2020-10-28,-0.031438935912938226,MA
2020-07-30,0.1836379460400349,MA
2020-04-29,0.05719237435008664,MA
2020-01-29,0.04264392324093821,MA
2019-10-29,0.06799007444168735,MA
2019-07-30,0.03728070175438587,MA
2019-04-30,0.08393719806763286,MA
2019-01-31,0.40328947368421053,MA
2018-10-30,0.09512485136741983,MA
2018-07-26,0.08741030658838886,MA
2018-05-02,0.20096463022508038,MA
2018-02-01,0.011607142857142767,MA
2017-10-31,0.08766233766233775,MA
2017-07-27,0.05363984674329506,MA
2017-05-02,0.06546990496304113,MA
2017-01-31,0.012880562060889942,MA
2016-10-28,0.10204081632653071,MA
2016-07-28,0.06541019955654095,MA
2016-04-28,0.011764705882352951,MA
2016-01-29,0.1798561151079137,MA
2015-10-29,0.05600000000000005,MA
2015-07-29,0.029308323563892173,MA
2015-04-29,0.13483146067415727,MA
2015-01-30,0.14243323442136493,MA
2014-10-30,0.13810741687979536,MA
2014-07-31,0.041666666666666706,MA
2014-05-01,0.015299026425591113,MA
2025-05-01,,MCD
2025-02-10,0.049243756595146015,MCD
2024-10-29,0.010638297872340365,MCD
2024-07-29,-0.03480806766428099,MCD
2024-04-30,-0.01139287026828377,MCD
2024-02-05,0.022308781869688446,MCD
2023-10-30,0.0762512596573733,MCD
2023-07-27,0.13580691642651305,MCD
2023-04-25,0.13748378728923458,MCD
2023-01-31,0.07616707616707614,MCD
2022-10-27,0.13359223300970868,MCD
2022-07-26,0.0917952883834281,MCD
2022-04-28,0.01743919229004142,MCD
2022-01-27,-0.060256410256410264,MCD
2021-10-27,0.14099959366111336,MCD
2021-07-28,0.15296912114014255,MCD
2021-04-29,0.04977876106194682,MCD
2021-01-28,-0.06048615036743923,MCD
2020-11-09,0.17576075550891931,MCD
2020-07-28,0.06342780026990559,MCD
2020-04-30,-0.013392857142857225,MCD
2020-01-29,-0.014300306435137909,MCD
2019-10-22,-0.03945578231292526,MCD
2019-07-26,-0.013658536585365868,MCD
2019-04-30,-0.023375142531356856,MCD
2019-01-30,0.014854111405835558,MCD
2018-10-23,0.016549648946840592,MCD
2018-07-26,-0.029579657498702616,MCD
2018-04-30,-0.034090909090909054,MCD
2018-01-30,0.08873505349276276,MCD
2017-10-24,-0.003405221339387063,MCD
2017-07-25,0.0074211502782931425,MCD
2017-04-25,0.06278026905829585,MCD
2017-01-23,-0.024769992922859266,MCD
2016-10-21,0.05668016194331989,MCD
2016-07-26,-0.0014440433212996402,MCD
2016-04-22,0.03780068728522341,MCD
2016-01-25,0.10462287104622871,MCD
2015-10-22,0.10196078431372559,MCD
2015-07-23,0.04788961038961034,MCD
2015-04-22,-0.1275992438563327,MCD
2015-01-23,-0.10655737704918024,MCD
2014-10-21,-0.007326007326007333,MCD
2014-07-22,-0.035465924895688415,MCD
2014-04-22,-0.021827000808407545,MCD
2025-04-30,,META
2025-01-29,0.18289085545722703,META
2024-10-30,0.1483526947248143,META
2024-07-31,0.09229466553767991,META
2024-04-24,0.09790209790209789,META
2024-02-01,0.08487685731732135,META
2023-10-25,0.2204614956908534,META
2023-07-26,0.02054794520547947,META
2023-04-26,0.0967098703888337,META
2023-02-01,-0.21847246891651856,META
2022-10-26,-0.12997347480106106,META
2022-07-27,-0.0318772136953955,META
2022-04-27,0.060842433697347945,META
2022-02-02,-0.04327424400417099,META
2021-10-25,0.01449275362318849,META
2021-07-28,0.19615639496355206,META
2021-04-28,0.40845070422535207,META
2021-01-27,0.2060926328877836,META
2020-10-29,0.4218258132214061,META
2020-07-30,0.284796573875803,META
2020-04-29,-0.0011682242990654216,META
2020-01-29,0.013460015835312849,META
2019-10-30,0.11459968602825739,META
2019-07-24,-0.5156998403406067,META
2019-04-24,-0.4749845583693638,META
2019-01-30,0.09024278515803943,META
2018-10-30,0.1940298507462687,META
2018-07-25,0.014577259475218606,META
2018-04-25,0.24815361890694226,META
2018-01-31,-0.26002055498458376,META
2017-11-01,0.24218750000000003,META
2017-07-26,0.16710875331564992,META
2017-05-03,0.19677790563866518,META
2017-02-01,0.1612284069097888,META
2016-11-02,0.2552301255230126,META
2016-07-27,0.35888501742160295,META
2016-04-27,0.485148514851485,META
2016-01-27,0.2949640287769786,META
2015-11-04,0.1654135338345864,META
2015-07-29,0.08695652173913039,META
2015-04-22,0.0526315789473683,META
2015-01-28,0.028806584362139943,META
2014-10-28,-0.01960784313725492,META
2014-07-23,0.22448979591836732,META
2014-04-23,0.47058823529411753,META
2025-04-30,,MLM
2025-02-12,0.06425880788832264,MLM
2024-10-30,-0.07133818411894964,MLM
2024-08-08,-0.033939169139466006,MLM
2024-04-30,-0.9068290100582319,MLM
2024-02-14,0.19463255580637065,MLM
2023-11-01,0.1967646087817762,MLM
2023-07-27,0.10705496308449534,MLM
2023-05-04,1.2077789150460596,MLM
2023-02-15,0.0036219953901877253,MLM
2022-11-02,-0.02759070171627195,MLM
2022-07-28,-0.01277275146354445,MLM
2022-05-03,-0.4591836734693878,MLM
2022-02-10,0.24037138927097673,MLM
2021-11-02,-0.01862329090051856,MLM
2021-07-29,-0.07714435146443513,MLM
2021-05-04,1.0220883534136544,MLM
2021-02-09,1.0368150684931507,MLM
2020-10-29,0.02500665070497481,MLM
2020-07-28,0.14871116986120297,MLM
2020-05-05,-0.17708333333333326,MLM
2020-02-11,-0.035974499089253265,MLM
2019-10-29,0.12102272727272732,MLM
2019-07-30,-0.04042348411934549,MLM
2019-04-30,0.9727272727272727,MLM
2019-02-12,0.04480183802412398,MLM
2018-11-06,0.03668152211175873,MLM
2018-07-26,-0.06720336016800846,MLM
2018-05-08,-0.35,MLM
2018-02-13,0.2983651226158038,MLM
2017-11-02,-0.093061224489796,MLM
2017-08-01,-0.11637748624629704,MLM
2017-05-02,0.5654205607476637,MLM
2017-02-14,-0.042540073982737465,MLM
2016-11-01,-0.03404255319148939,MLM
2016-08-02,-0.05751115518096177,MLM
2016-05-05,0.938375350140056,MLM
2016-02-09,-0.13826606875934233,MLM
2015-11-03,0.07508060801473987,MLM
2015-08-04,-0.21275252525252522,MLM
2015-04-30,-0.27083333333333326,MLM
2015-02-10,0.1120584652862364,MLM
2014-10-28,-0.6474056603773585,MLM
2014-07-29,0.05417956656346754,MLM
2014-04-29,0.023255813953488396,MLM
2025-04-24,,MRK
2025-02-04,-0.024615384615384636,MRK
2024-10-31,-0.10869565217391307,MRK
2024-07-30,0.054914628518689536,MRK
2024-04-25,0.03225806451612894,MRK
2024-02-01,-1.2476190476190476,MRK
2023-10-26,-0.0142857142857143,MRK
2023-08-01,0.03325740318906604,MRK
2023-04-27,-0.07906626506024095,MRK
2023-02-02,0.01824104234527689,MRK
2022-10-27,-0.06882591093117409,MRK
2022-07-28,0.02243211334120427,MRK
2022-04-28,0.06075533661740558,MRK
2022-02-03,0.255181347150259,MRK
2021-10-28,0.26696832579185525,MRK
2021-07-29,0.03425167535368581,MRK
2021-04-29,-0.2681874229346486,MRK
2021-02-04,-0.7415162454873647,MRK
2020-10-27,0.02067539627842869,MRK
2020-07-31,0.04029990627928787,MRK
2020-04-28,0.11549925484351715,MRK
2020-02-05,-2.4708442123585725,MRK
2019-10-29,0.2133655394524959,MRK
2019-07-30,0.13039723661485322,MRK
2019-04-30,0.1607992388201713,MRK
2019-02-01,-0.004830917874396033,MRK
2018-10-25,0.04206836108676603,MRK
2018-07-27,0.023278370514064037,MRK
2018-05-01,0.050100200400801646,MRK
2018-02-02,0.0449197860962566,MRK
2017-10-27,0.13378248315688163,MRK
2017-07-28,0.15789473684210528,MRK
2017-05-02,0.08533653846153855,MRK
2017-02-02,-0.22047244094488197,MRK
2016-10-25,-0.1308316430020284,MRK
2016-07-29,-0.26125137211855104,MRK
2016-05-05,-0.33802816901408456,MRK
2016-02-03,-0.30043859649122806,MRK
2015-10-27,-0.31366120218579235,MRK
2015-07-28,-0.49568434032059194,MRK
2015-04-28,-0.4069611780455154,MRK
2015-02-04,-0.5630841121495327,MRK
2014-10-27,-0.36518771331058014,MRK
2014-07-29,-0.27160493827160503,MRK
2014-04-29,-0.3616751269035533,MRK
2025-04-11,0.18066273263731283,MS
2025-01-16,0.3093270365997639,MS
2024-10-16,0.17868338557993727,MS
2024-07-16,0.10369921164342027,MS
2024-04-16,0.22730006013229098,MS
2024-01-16,0.07843137254901968,MS
2023-10-18,0.08525345622119815,MS
2023-07-18,0.19983277591973253,MS
2023-04-19,0.04324324324324328,MS
2023-01-17,0.11860276198212827,MS
2022-10-14,0.009265387160820657,MS
2022-07-14,-0.08089171974522293,MS
2022-04-14,0.221631205673759,MS
2022-01-19,0.06962351727694677,MS
2021-10-14,0.20769230769230768,MS
2021-07-15,0.14920828258221688,MS
2021-04-16,0.3194774346793349,MS
2021-01-20,0.48105181747873177,MS
2020-10-15,0.242566510172144,MS
2020-07-16,0.7915936952714536,MS
2020-04-16,-0.11169744942832015,MS
2020-01-16,0.2795698924731183,MS
2019-10-17,0.15664845173041886,MS
2019-07-18,0.07517482517482525,MS
2019-04-17,0.19210977701543738,MS
2019-01-17,-0.06846240179573519,MS
2018-10-16,0.15597235932872672,MS
2018-07-18,0.1720720720720719,MS
2018-04-18,0.1589456869009585,MS
2018-01-18,0.40755208333333326,MS
2017-10-17,0.14250614250614263,MS
2017-07-19,0.1372549019607843,MS
2017-04-19,0.12723214285714285,MS
2017-01-17,0.33230769230769225,MS
2016-10-19,0.27591706539074967,MS
2016-07-20,0.254180602006689,MS
2016-04-18,0.19825708061002184,MS
2016-01-19,0.33956386292834884,MS
2015-10-19,-0.29186602870813394,MS
2015-07-20,0.06910569105691063,MS
2015-04-20,0.08951406649616361,MS
2015-01-20,-1.1370967741935485,MS
2014-10-17,0.4152700186219739,MS
2014-07-17,0.04129263913824041,MS
2025-04-30,,MSFT
2025-01-29,0.03489116517285531,MSFT
2024-10-30,0.0740263920180238,MSFT
2024-07-30,0.005784280367471897,MSFT
2024-04-25,0.037795831861533104,MSFT
2024-01-30,0.06954954954954957,MSFT
2023-10-24,0.11926260346124913,MSFT
2023-07-25,0.046183953033268055,MSFT
2023-04-25,0.09127516778523499,MSFT
2023-01-24,0.014814814814814925,MSFT
2022-10-25,0.022638223770134976,MSFT
2022-07-26,-0.016564952048823127,MSFT
2022-04-26,0.017359524897213253,MSFT
2022-01-25,0.057426597582038004,MSFT
2021-10-26,0.08687258687258673,MSFT
2021-07-27,0.10827693909422174,MSFT
2021-04-27,0.07355418304323415,MSFT
2021-01-26,0.22646153846153852,MSFT
2020-10-27,0.16946959896507116,MSFT
2020-07-22,0.11592076302274389,MSFT
2020-04-29,0.10501567398119115,MSFT
2020-01-29,0.12934947049924359,MSFT
2019-10-23,0.11414790996784559,MSFT
2019-07-18,0.11193415637860073,MSFT
2019-04-24,0.13713713713713704,MSFT
2019-01-30,-0.0018298261665141828,MSFT
2018-10-24,0.15904365904365908,MSFT
2018-07-19,-0.1318477251624883,MSFT
2018-04-26,0.0577149587750295,MSFT
2018-01-31,0.09976798143851505,MSFT
2017-10-26,0.10306406685236778,MSFT
2017-07-20,0.2881355932203391,MSFT
2017-04-27,-0.09298998569384828,MSFT
2017-01-26,-0.05597964376590336,MSFT
2016-10-20,0.0058565153733528596,MSFT
2016-07-19,0.3281786941580757,MSFT
2016-04-21,-0.15360501567398116,MSFT
2016-01-28,0.042253521126760604,MSFT
2015-10-22,0.07325383304940382,MSFT
2015-07-21,-0.1551724137931034,MSFT
2015-04-23,0.14962121212121204,MSFT
2015-01-26,-0.004010695187165779,MSFT
2014-10-23,0.16696914700544457,MSFT
2014-07-22,-0.051324503311258325,MSFT
2014-04-24,0.06825396825396832,MSFT
2025-04-17,,NFLX
2025-01-21,0.021042563366809944,NFLX
2024-10-17,0.05551211884284611,NFLX
2024-07-18,0.03018788262613464,NFLX
2024-04-18,0.16865869853917673,NFLX
2024-01-23,-0.03388278388278401,NFLX
2023-10-18,0.06968741038141665,NFLX
2023-07-19,0.1523642732049037,NFLX
2023-04-18,0.005586592178770955,NFLX
2023-01-19,-0.7163120567375887,NFLX
2022-10-18,0.4595103578154425,NFLX
2022-07-19,0.09777015437392801,NFLX
2022-04-19,0.21472814865794895,NFLX
2022-01-20,0.6460396039603961,NFLX
2021-10-19,0.24609374999999994,NFLX
2021-07-20,-0.05564387917329088,NFLX
2021-04-20,0.26050420168067223,NFLX
2021-01-19,-0.13580246913580252,NFLX
2020-10-20,-0.18233082706766923,NFLX
2020-07-16,-0.12493120528343417,NFLX
2020-04-21,-0.04209884075655885,NFLX
2020-01-21,1.4528301886792452,NFLX
2019-10-16,0.4066985645933015,NFLX
2019-07-17,0.06382978723404262,NFLX
2019-04-16,0.310344827586207,NFLX
2019-01-17,0.25,NFLX
2018-10-16,0.3088235294117646,NFLX
2018-07-16,0.07052896725440798,NFLX
2018-04-16,0.0062893081761006345,NFLX
2018-01-22,-0.009661835748792279,NFLX
2017-10-16,-0.09937888198757773,NFLX
2017-07-17,-0.0384615384615385,NFLX
2017-04-17,0.07526881720430115,NFLX
2017-01-18,0.13636363636363627,NFLX
2016-10-17,1.1052631578947367,NFLX
2016-07-18,2.3333333333333335,NFLX
2016-04-18,0.6216216216216216,NFLX
2016-01-19,3.761904761904762,NFLX
2015-10-14,-0.07894736842105252,NFLX
2015-07-15,0.42857142857142844,NFLX
2015-04-15,-0.39999999999999997,NFLX
2015-01-20,2.0634920634920637,NFLX
2014-10-15,0.06201550387596905,NFLX
2014-07-21,0.00613496932515338,NFLX
2014-04-21,0.06956521739130428,NFLX
2025-03-20,0.8305084745762714,NKE
2024-12-19,0.23417721518987344,NKE
2024-10-01,0.3384321223709368,NKE
2024-06-27,0.19244391971664704,NKE
2024-03-21,0.31897711978465676,NKE
2023-12-21,0.21319199057714966,NKE
2023-09-28,0.260053619302949,NKE
2023-06-29,-0.010494752623688165,NKE
2023-03-21,0.45488029465930013,NKE
2022-12-20,0.31172839506172834,NKE
2022-09-29,-0.006410256410256415,NKE
2022-06-27,0.09223300970873795,NKE
2022-03-21,0.20498614958448758,NKE
2021-12-20,0.3195548489666136,NKE
2021-09-23,0.04035874439461877,NKE
2021-06-24,0.823529411764706,NKE
2021-03-18,0.2042160737812912,NKE
2020-12-18,0.2540192926045017,NKE
2020-09-22,1.056277056277056,NKE
2020-06-25,-6.204081632653061,NKE
2020-03-24,0.38593155893536113,NKE
2019-12-19,0.20689655172413793,NKE
2019-09-24,0.22681883024251076,NKE
2019-06-27,-0.0577507598784195,NKE
2019-03-21,0.05100463678516233,NKE
2018-12-20,0.13043478260869565,NKE
2018-09-25,0.06858054226475285,NKE
2018-06-28,0.08320251177394024,NKE
2018-03-22,0.2627599243856333,NKE
2017-12-21,0.14143920595533496,NKE
2017-09-26,0.18749999999999994,NKE
2017-06-29,0.19760479041916162,NKE
2017-03-21,0.2927756653992396,NKE
2016-12-20,0.16279069767441862,NKE
2016-09-27,0.30357142857142844,NKE
2016-06-28,0.020833333333333353,NKE
2016-03-22,0.13402061855670117,NKE
2015-12-22,0.04408352668213461,NKE
2015-09-24,0.12040133779264225,NKE
2015-06-25,0.17224880382775123,NKE
2015-03-19,0.0495283018867925,NKE
2014-12-18,0.04815864022662894,NKE
2014-09-25,0.23863636363636373,NKE
2014-06-26,0.03174603174603177,NKE
2025-02-26,0.061978545887961915,NVDA
2024-11-20,0.04825737265415554,NVDA
2024-08-28,-0.26965065502183405,NVDA
2024-05-22,0.06394316163410309,NVDA
2024-02-21,0.05831533477321807,NVDA
2023-11-21,0.12202380952380946,NVDA
2023-08-23,0.22330097087378648,NVDA
2023-05-24,-0.05434782608695657,NVDA
2023-02-22,-0.1604938271604938,NVDA
2022-11-16,-0.5428571428571429,NVDA
2022-08-24,-0.4000000000000001,NVDA
2022-05-25,-0.15267175572519087,NVDA
2022-02-16,0.008264462809917363,NVDA
2021-11-17,-0.0636363636363637,NVDA
2021-08-18,0.01999999999999988,NVDA
2021-05-26,-0.012195121951219523,NVDA
2021-02-24,-0.10000000000000007,NVDA
2020-11-18,-0.07692307692307698,NVDA
2020-08-19,0.020408163265306138,NVDA
2020-05-21,-0.11904761904761915,NVDA
2020-02-13,-0.0714285714285715,NVDA
2019-11-14,-0.05128205128205133,NVDA
2019-08-15,-0.1785714285714286,NVDA
2019-05-16,-0.14999999999999997,NVDA
2019-02-14,-0.35000000000000003,NVDA
2018-11-15,-0.08333333333333341,NVDA
2018-08-16,-0.04347826086956526,NVDA
2018-05-10,0.1951219512195122,NVDA
2018-02-08,0.21874999999999997,NVDA
2017-11-09,0.2222222222222223,NVDA
2017-08-10,0.14999999999999997,NVDA
2017-05-09,0.0,NVDA
2017-02-09,0.0,NVDA
2016-11-10,0.23529411764705882,NVDA
2016-08-11,-0.16666666666666666,NVDA
2016-05-12,-0.10000000000000009,NVDA
2016-02-17,0.0,NVDA
2015-11-05,0.22222222222222224,NVDA
2015-08-06,0.4,NVDA
2015-05-07,-0.33333333333333326,NVDA
2015-02-11,0.0,NVDA
2014-11-06,-0.11111111111111102,NVDA
2014-08-07,-0.14285714285714285,NVDA
2014-05-06,0.0,NVDA
2025-03-10,-0.3006711409395973,ORCL
2024-12-09,-0.2412162162162162,ORCL
2024-09-09,-0.2143928035982009,ORCL
2024-06-11,-0.29483282674772043,ORCL
2024-03-11,-0.33405954974582425,ORCL
2023-12-11,-0.3056603773584905,ORCL
2023-09-11,-0.2291666666666666,ORCL
2023-06-12,-0.21962025316455694,ORCL
2023-03-09,-0.4066666666666667,ORCL
2022-12-12,-0.41779661016949143,ORCL
2022-09-12,-0.42937853107344637,ORCL
2022-06-13,-0.13071895424836596,ORCL
2022-03-10,-0.2775891341256366,ORCL
2021-12-09,-0.13848920863309364,ORCL
2021-09-13,-0.10206185567010308,ORCL
2021-06-15,0.06335877862595417,ORCL
2021-03-10,-0.15585585585585587,ORCL
2020-12-10,-0.13013013013013014,ORCL
2020-09-10,-0.11614401858304295,ORCL
2020-06-16,-0.12326388888888881,ORCL
2020-03-12,-0.16145833333333326,ORCL
2019-12-12,-0.20564971751412434,ORCL
2019-09-11,-0.19454770755886,ORCL
2019-06-19,0.012104283054003632,ORCL
2019-03-14,-0.16409036860879908,ORCL
2018-12-17,-0.18135376756066413,ORCL
2018-09-17,-0.14473684210526327,ORCL
2018-06-19,-0.13390010626992563,ORCL
2018-03-19,-0.031811894882434334,ORCL
2017-12-14,-0.16715542521994148,ORCL
2017-09-14,-0.1473509933774834,ORCL
2017-06-21,-0.007653061224489803,ORCL
2017-03-15,-0.09223300970873777,ORCL
2016-12-15,-0.16499999999999998,ORCL
2016-09-15,-0.22625215889464587,ORCL
2016-06-16,-0.1521472392638037,ORCL
2016-03-15,-0.15967741935483867,ORCL
2015-12-16,-0.1266666666666666,ORCL
2015-09-16,-0.1973180076628353,ORCL
2015-06-17,-0.23699421965317916,ORCL
2015-03-17,-0.16446402349486064,ORCL
2014-12-17,-0.17276720351390937,ORCL
2014-09-18,-0.22535211267605637,ORCL
2014-06-19,-0.15392670157068053,ORCL
2025-04-24,,PEP
2025-02-04,0.009264024704065885,PEP
2024-10-08,0.006947459834997835,PEP
2024-07-11,0.05669144981412634,PEP
2024-04-23,0.05785667324128868,PEP
2024-02-09,0.034262485481997645,PEP
2023-10-10,0.022686025408348374,PEP
2023-07-13,0.06782253952065262,PEP
2023-04-25,0.08768115942028985,PEP
2023-02-09,0.012781497261107673,PEP
2022-10-12,0.16479400749063675,PEP
2022-07-12,-0.07090187180941578,PEP
2022-04-26,0.04379562043795606,PEP
2022-02-10,0.00989445910290231,PEP
2021-10-05,0.02584721424468692,PEP
2021-07-13,-0.04209183673469391,PEP
2021-04-15,0.08749999999999987,PEP
2021-02-11,0.010309278350515396,PEP
2020-10-01,0.08333333333333326,PEP
2020-07-13,0.052715654952076724,PEP
2020-04-28,0.04368932038834945,PEP
2020-02-13,0.011142061281337058,PEP
2019-10-03,0.031851360318513634,PEP
2019-07-09,0.02599999999999995,PEP
2019-04-17,0.06345733041575485,PEP
2019-02-15,-0.08718980549966472,PEP
2018-10-02,0.009548058561425923,PEP
2018-07-10,0.07227332457293027,PEP
2018-04-26,0.040992448759438964,PEP
2018-02-13,0.014570552147239192,PEP
2017-10-04,0.03633822501747033,PEP
2017-07-11,0.07015032211882612,PEP
2017-04-26,0.020742358078602637,PEP
2017-02-15,0.03281519861830746,PEP
2016-09-29,,PEP
2016-07-07,0.0486862442040185,PEP
2016-04-18,0.09975369458128074,PEP
2016-02-11,0.024551463644948087,PEP
2015-10-06,0.07456828885400311,PEP
2015-07-09,0.06880000000000006,PEP
2015-04-23,0.04797979797979788,PEP
2015-02-11,0.037998146431881506,PEP
2014-10-09,0.06051202482544614,PEP
2014-07-23,0.07479674796747975,PEP
2014-04-17,0.09840425531914887,PEP
2025-04-24,,PG
2025-01-22,0.007510729613733793,PG
2024-10-18,0.15331928345626986,PG
2024-07-30,-0.01676384839650155,PG
2024-04-19,0.3673036093418258,PG
2024-01-23,0.07272727272727265,PG
2023-10-18,0.06213704994192798,PG
2023-07-28,0.027987897125567263,PG
2023-04-21,0.033962264150943514,PG
2023-01-19,-0.004385964912280775,PG
2022-10-19,0.014867485455720836,PG
2022-07-29,-0.014657980456026072,PG
2022-04-20,0.031832298136645905,PG
2022-01-19,0.0024198427102238374,PG
2021-10-19,0.0012618296529968466,PG
2021-07-30,0.06991720331186758,PG
2021-04-20,0.05882352941176476,PG
2021-01-20,0.09621765096217653,PG
2020-10-20,0.14749470712773455,PG
2020-07-30,0.14243323442136513,PG
2020-04-17,0.04420866489832011,PG
2020-01-23,0.028384279475982474,PG
2019-10-22,0.1023368251410153,PG
2019-07-30,-0.16920152091254756,PG
2019-04-23,0.024224806201550302,PG
2019-01-23,0.031430934656741134,PG
2018-10-19,-0.07400555041628129,PG
2018-07-31,0.015555555555555569,PG
2018-04-19,0.010162601626016269,PG
2018-01-23,0.02370500438981555,PG
2017-10-20,-0.02878365831012063,PG
2017-07-27,0.06777493606138099,PG
2017-04-26,-0.010638297872340318,PG
2017-01-20,0.0028248587570620445,PG
2016-10-25,0.03064351378958112,PG
2016-08-02,-0.03221476510067117,PG
2016-04-26,0.14198286413708705,PG
2016-01-26,0.06917599186164797,PG
2015-10-23,0.13107822410148004,PG
2015-07-30,-0.41437632135306546,PG
2015-04-23,0.029284164859002072,PG
2015-01-27,-0.01940035273368589,PG
2014-10-24,-0.0037278657968313174,PG
2014-08-01,0.06497797356828187,PG
2014-04-23,-0.01671583087512282,PG
2025-05-01,,PH
2025-01-30,-0.08368066688041043,PH
2024-10-31,-0.12343647136273865,PH
2024-08-08,-0.03629617680271006,PH
2024-05-02,-0.07168458781361998,PH
2024-02-01,0.012881227505209416,PH
2023-11-02,-0.03805899143672696,PH
2023-08-03,0.033515482695810596,PH
2023-05-04,-0.022217813925808388,PH
2023-02-02,-0.2712813620071685,PH
2022-11-03,-0.01429956374212316,PH
2022-08-04,0.00469183194711031,PH
2022-05-05,-0.058127018299246415,PH
2022-02-03,-0.002816180235535105,PH
2021-11-04,0.01915295387105481,PH
2021-08-05,-0.09492481203007527,PH
2021-04-29,-0.027718550106609716,PH
2021-02-04,0.13348946135831385,PH
2020-11-05,0.12953138815207788,PH
2020-08-06,0.6842809364548492,PH
2020-04-30,0.3012422360248446,PH
2020-01-30,0.12886142983230353,PH
2019-10-31,0.012039127163280674,PH
2019-08-01,0.057106191851138896,PH
2019-05-02,0.04709784411276945,PH
2019-01-31,0.06933553446141154,PH
2018-11-01,0.107114624505929,PH
2018-08-02,0.21966311447232736,PH
2018-04-26,0.06385404789053598,PH
2018-02-01,0.14859632139399825,PH
2017-11-02,0.09666339548577041,PH
2017-08-03,0.15077989601386496,PH
2017-04-27,0.06873977086743051,PH
2017-02-02,0.15395683453237424,PH
2016-10-21,0.026181353767560617,PH
2016-08-04,0.04645892351274792,PH
2016-04-26,0.008996539792387475,PH
2016-01-26,0.29032258064516137,PH
2015-10-22,0.038251366120218615,PH
2015-08-04,-0.2082441113490364,PH
2015-04-28,0.04431017119838865,PH
2015-01-27,0.18798449612403095,PH
2014-10-28,0.12364945978391369,PH
2014-08-06,-0.0019277108433734956,PH
2014-04-29,0.15837937384898712,PH
2025-04-23,,PM
2025-02-06,-0.46210596914822266,PM
2024-10-22,0.15380374862183016,PM
2024-07-23,-0.01345291479820622,PM
2024-04-23,0.05420827389443657,PM
2024-02-08,-0.011772853185595502,PM
2023-10-19,-0.1831683168316832,PM
2023-07-20,-0.08899456521739131,PM
2023-04-20,0.023651145602365135,PM
2023-02-09,0.17591125198098254,PM
2022-10-20,-0.02616279069767428,PM
2022-07-21,0.1376292760540971,PM
2022-04-21,0.008064516129032265,PM
2022-02-03,0.024868123587038538,PM
2021-10-19,0.024983984625240326,PM
2021-07-20,0.03737113402061859,PM
2021-04-20,0.12365975696926379,PM
2021-02-04,0.04530477759472812,PM
2020-10-20,0.03806734992679343,PM
2020-07-21,0.23518687329079307,PM
2020-04-21,0.03265666372462482,PM
2020-02-06,0.0057851239669422455,PM
2019-10-17,-0.09587020648967559,PM
2019-07-18,0.1447963800904977,PM
2019-04-18,0.08908908908908916,PM
2019-02-07,0.05670103092783511,PM
2018-10-18,0.12676056338028163,PM
2018-07-19,0.1463414634146341,PM
2018-04-19,0.1061946902654867,PM
2018-02-08,0.08808290155440414,PM
2017-10-19,-0.08236994219653171,PM
2017-07-20,-0.07166123778501635,PM
2017-04-20,-0.0068159688412851955,PM
2017-02-02,-0.001814882032667878,PM
2016-10-18,0.01543460601137279,PM
2016-07-19,-0.040066777963272154,PM
2016-04-19,-0.1155234657039712,PM
2016-02-04,0.05955334987593043,PM
2015-10-15,0.105169340463458,PM
2015-07-16,0.07174490699734275,PM
2015-04-16,0.1451135241855874,PM
2015-02-05,-0.017890772128060384,PM
2014-10-16,0.031484257871064326,PM
2014-07-17,0.30088495575221225,PM
2014-04-17,0.02321582115219253,PM
2025-05-01,,QCOM
2025-02-05,-0.03734858681022872,QCOM
2024-11-06,-0.12636932707355242,QCOM
2024-07-31,-0.15827017387427553,QCOM
2024-05-01,-0.15510555794915987,QCOM
2024-01-31,-0.013542107490478218,QCOM
2023-11-01,-0.033854166666666644,QCOM
2023-08-02,-0.22044198895027625,QCOM
2023-05-03,-0.21953488372093022,QCOM
2023-02-02,-0.17937792927141033,QCOM
2022-11-02,0.19762210796915158,QCOM
2022-07-27,-0.07499128008371114,QCOM
2022-04-27,-0.025238744884038145,QCOM
2022-02-02,-0.006995336442371722,QCOM
2021-11-03,-0.008849557522123706,QCOM
2021-07-28,-0.016004742145821062,QCOM
2021-04-28,-0.0402160864345738,QCOM
2021-02-03,-0.039655996177735395,QCOM
2020-11-04,0.046990931574608354,QCOM
2020-07-29,0.04564907275320974,QCOM
2020-04-29,-0.1103979460847241,QCOM
2020-02-05,-0.06674473067915684,QCOM
2019-11-06,0.11001410437235554,QCOM
2019-07-31,4.414021164021164,QCOM
2019-05-01,-0.05524079320113304,QCOM
2019-01-30,-0.011937557392102756,QCOM
2018-11-07,-0.33172496984318445,QCOM
2018-07-25,0.2453900709219859,QCOM
2018-04-25,-0.12912482065997127,QCOM
2018-01-31,-0.32603938730853393,QCOM
2017-11-01,0.6196840826245444,QCOM
2017-07-19,-0.1831683168316832,QCOM
2017-04-19,-0.024472573839662563,QCOM
2017-01-25,-0.10245554614733277,QCOM
2016-11-02,-0.059187279151943425,QCOM
2016-07-20,-0.001026694045174539,QCOM
2016-04-20,-0.17671517671517664,QCOM
2016-01-27,0.020925110132158607,QCOM
2015-11-04,-0.3592120509849362,QCOM
2015-07-22,-0.13833157338965155,QCOM
2015-04-22,-0.24625748502994024,QCOM
2015-01-28,0.1403508771929824,QCOM
2014-11-05,0.10190114068441074,QCOM
2014-07-23,0.07742998352553548,QCOM
2014-04-23,-0.071954210956664,QCOM
2025-04-22,,RTX
2025-01-28,0.10575539568345325,RTX
2024-10-22,-0.01643017176997761,RTX
2024-07-25,0.07876447876447884,RTX
2024-04-23,0.26747967479674795,RTX
2024-01-23,0.07258064516129038,RTX
2023-10-24,0.03798513625103205,RTX
2023-07-25,0.10093299406276504,RTX
2023-04-25,0.07590467784642549,RTX
2023-01-24,-0.004016064257028205,RTX
2022-10-25,0.012313104661389632,RTX
2022-07-26,-0.021314387211367497,RTX
2022-04-26,0.044031311154598754,RTX
2022-01-25,0.15527343750000003,RTX
2021-10-26,0.15398716773602195,RTX
2021-07-27,0.03771551724137922,RTX
2021-04-27,0.09963547995139742,RTX
2021-01-26,-0.3899280575539568,RTX
2020-10-27,-0.6720647773279351,RTX
2020-07-28,0.746031746031746,RTX
2020-05-07,0.19924812030075184,RTX
2020-01-28,-0.37567861020629756,RTX
2019-10-22,-0.38987217305801364,RTX
2019-07-23,-0.35735150925024334,RTX
2019-04-23,0.0192869666861484,RTX
2019-01-23,0.2041748206131769,RTX
2018-10-23,0.24738292011019275,RTX
2018-07-24,0.0625674217907227,RTX
2018-04-24,0.16546290216677612,RTX
2018-01-24,0.021072796934865846,RTX
2017-10-24,0.10972716488730727,RTX
2017-07-25,0.04108047270680933,RTX
2017-04-26,0.4031677465802736,RTX
2017-01-25,-0.006393861892583125,RTX
2016-10-25,0.05818836232753448,RTX
2016-07-26,-0.0458060678167757,RTX
2016-04-27,0.04506437768240355,RTX
2016-01-27,-0.3261012491781723,RTX
2015-10-20,0.08095854922279792,RTX
2015-07-21,-0.029137529137529164,RTX
2015-04-21,0.017796030116358674,RTX
2015-01-26,-0.014796547472256486,RTX
2014-10-21,0.048645660585959136,RTX
2014-07-22,-0.1503537735849056,RTX
2014-04-22,0.10840534171249029,RTX
2025-04-29,,SPGI
2025-02-11,-0.15298184961106312,SPGI
2024-10-24,-0.10646492434662988,SPGI
2024-07-30,-0.06913580246913587,SPGI
2024-04-25,-0.08166620992052619,SPGI
2024-02-08,-0.13513513513513511,SPGI
2023-11-02,-0.15144546649145857,SPGI
2023-07-27,-0.20925039872408285,SPGI
2023-04-27,-0.1414383561643835,SPGI
2023-02-09,-0.24780610112829077,SPGI
2022-10-27,-0.2022150768131475,SPGI
2022-08-02,-0.29540034071550253,SPGI
2022-05-03,-0.5596514745308311,SPGI
2022-02-08,-0.007019783024888257,SPGI
2021-10-26,0.10607979734008866,SPGI
2021-07-29,0.07907542579075433,SPGI
2021-04-29,0.07096354166666666,SPGI
2021-02-09,0.04289649744195198,SPGI
2020-10-27,0.058936825885978435,SPGI
2020-07-28,0.2288167226577081,SPGI
2020-04-28,0.14958569559529,SPGI
2020-02-06,0.007039337474120043,SPGI
2019-10-29,0.010265183917878538,SPGI
2019-08-01,0.025449758666081734,SPGI
2019-05-02,-0.05716963448922207,SPGI
2019-02-07,-0.032331511839708636,SPGI
2018-10-25,0.013698630136986313,SPGI
2018-07-26,-0.02676056338028166,SPGI
2018-04-26,-0.014803471158754536,SPGI
2018-02-06,0.153130812151271,SPGI
2017-10-26,0.07947882736156359,SPGI
2017-07-27,0.047588832487309614,SPGI
2017-04-25,0.10616929698708762,SPGI
2017-02-07,0.0025231286795625663,SPGI
2016-11-03,0.015003750937734447,SPGI
2016-07-28,0.03651266766020859,SPGI
2016-04-26,-0.013876843018213368,SPGI
2016-02-04,0.04433497536945828,SPGI
2015-11-03,-0.1487371375116931,SPGI
2015-07-27,0.1547303271441203,SPGI
2015-04-28,0.13340020060180532,SPGI
2015-02-12,-0.8922222222222222,SPGI
2014-10-29,-0.12366737739872068,SPGI
2014-07-29,0.0857142857142858,SPGI
2014-04-29,-0.003436426116838491,SPGI
2025-04-23,,TMO
2025-01-30,-0.10656565656565656,TMO
2024-10-23,-0.1612657262676325,TMO
2024-07-24,-0.2554730258014073,TMO
2024-04-24,-0.23385726423109598,TMO
2024-01-31,-0.2091746369110875,TMO
2023-10-25,-0.18020259463301927,TMO
2023-07-26,-0.27677585572322416,TMO
2023-04-26,-0.25234577760031945,TMO
2023-02-01,-0.20085057026870282,TMO
2022-10-26,-0.18329514684440748,TMO
2022-07-28,-0.1675933280381254,TMO
2022-04-28,-0.019656019656019673,TMO
2022-02-02,0.07916181606519215,TMO
2021-10-27,0.05352172982230785,TMO
2021-07-28,-0.12402957486136788,TMO
2021-04-29,-0.05011968880909634,TMO
2021-02-01,-0.02563711277277585,TMO
2020-10-21,0.11321626617375215,TMO
2020-07-22,0.021597531710661696,TMO
2020-04-22,-0.23332118118847966,TMO
2020-01-30,-0.2231638418079096,TMO
2019-10-23,-0.2850174216027875,TMO
2019-07-24,-0.33566900233566893,TMO
2019-04-24,-0.25897435897435894,TMO
2019-01-30,-0.23139717425431713,TMO
2018-10-24,-0.2912087912087912,TMO
2018-07-25,-0.27269260106788706,TMO
2018-04-25,-0.25135473113797413,TMO
2018-01-31,-0.2638888888888889,TMO
2017-10-25,-0.2963951935914553,TMO
2017-07-26,-0.28848698720776356,TMO
2017-04-26,-0.10084033613445387,TMO
2017-01-31,-0.2666105971404542,TMO
2016-10-27,-0.289406994424734,TMO
2016-07-28,-0.29766052762568435,TMO
2016-04-28,-0.3111366245694604,TMO
2016-01-28,-0.23149905123339656,TMO
2015-10-21,-0.29066517607602016,TMO
2015-07-22,-0.29157303370786525,TMO
2015-04-22,-0.35860783095090115,TMO
2015-01-29,-0.4319587628865979,TMO
2014-10-22,-0.5437869822485207,TMO
2014-07-23,-0.7426108374384237,TMO
2014-04-23,-0.2084225553176303,TMO
2025-02-06,0.14122355631789588,TPR
2024-11-07,0.07457983193277307,TPR
2024-08-15,0.055872291904218975,TPR
2024-05-09,-0.10581222056631902,TPR
2024-02-08,0.015721120984278816,TPR
2023-11-09,-0.06770255271920095,TPR
2023-08-17,-0.01960784313725492,TPR
2023-05-11,0.306532663316583,TPR
2023-02-09,0.07340173638516195,TPR
2022-11-10,0.04635761589403978,TPR
2022-08-18,0.01293661060802071,TPR
2022-05-12,0.23728813559322043,TPR
2022-02-10,0.12236286919831224,TPR
2021-11-11,0.17216642754662842,TPR
2021-08-19,0.08740740740740731,TPR
2021-05-06,0.6270096463022509,TPR
2021-02-04,0.1495513459621138,TPR
2020-10-29,3.8873873873873874,TPR
2020-08-13,-0.5728643216080401,TPR
2020-04-30,1.272727272727273,TPR
2020-02-06,0.1125760649087221,TPR
2019-11-05,0.09315068493150694,TPR
2019-08-15,-0.017973856209150343,TPR
2019-05-09,0.00973236009732361,TPR
2019-02-07,-0.03780378037803784,TPR
2018-10-30,0.07999999999999995,TPR
2018-08-14,0.06854130052724083,TPR
2018-05-01,0.08416833667334676,TPR
2018-02-06,0.2136363636363637,TPR
2017-11-07,0.1638888888888889,TPR
2017-08-15,0.0,TPR
2017-05-02,0.03378378378378381,TPR
2017-01-31,0.012129380053908366,TPR
2016-11-01,0.011210762331838575,TPR
2016-08-09,0.10591133004926104,TPR
2016-04-26,0.06763285024154596,TPR
2016-01-26,0.021148036253776453,TPR
2015-10-27,0.0251256281407034,TPR
2015-08-04,0.034129692832764534,TPR
2015-04-28,0.043103448275862113,TPR
2015-01-29,0.09090909090909081,TPR
2014-10-28,0.17111111111111113,TPR
2014-08-05,0.11342155009451785,TPR
2014-04-29,0.10929853181076682,TPR
2025-04-22,-0.6105990783410139,TSLA
2025-01-29,-0.11968085106382975,TSLA
2024-10-23,0.06040268456375845,TSLA
2024-07-23,-0.07119205298013233,TSLA
2024-04-23,-0.3448940269749518,TSLA
2024-01-24,-0.2172131147540984,TSLA
2023-10-18,-0.2789115646258503,TSLA
2023-07-19,-0.03584672435105071,TSLA
2023-04-19,-0.14619883040935672,TSLA
2023-01-25,-0.03921568627450984,TSLA
2022-10-19,-0.054726368159203925,TSLA
2022-07-20,0.11620294599018013,TSLA
2022-04-20,0.2589167767503302,TSLA
2022-01-26,-0.133248730964467,TSLA
2021-10-20,-0.11669658886894085,TSLA
2021-07-26,0.06153846153846142,TSLA
2021-04-26,-0.6007462686567165,TSLA
2021-01-27,-0.7309941520467835,TSLA
2020-10-21,-0.3825136612021858,TSLA
2020-07-22,-18.500000000000004,TSLA
2020-04-29,-1.28,TSLA
2020-01-29,-0.5333333333333333,TSLA
2019-10-23,-7.4444444444444455,TSLA
2019-07-24,4.0,TSLA
2019-04-24,1.8965517241379313,TSLA
2019-01-30,-0.5664335664335663,TSLA
2018-10-24,-13.8,TSLA
2018-08-01,0.18041237113402064,TSLA
2018-05-02,0.15350877192982457,TSLA
2018-02-07,0.15023474178403756,TSLA
2017-11-01,0.5761589403973509,TSLA
2017-08-02,0.07258064516129038,TSLA
2017-05-03,1.1818181818181819,TSLA
2017-02-22,0.026666666666666693,TSLA
2016-10-26,-1.277777777777778,TSLA
2016-08-03,2.5999999999999996,TSLA
2016-05-04,2.3249999999999997,TSLA
2016-02-10,-28.166666666666668,TSLA
2015-11-03,2.2162162162162162,TSLA
2015-08-05,1.425,TSLA
2015-05-06,1.4545454545454546,TSLA
2015-02-11,-3.714285714285714,TSLA
2014-11-05,-inf,TSLA
2014-07-31,-12.000000000000002,TSLA
2025-04-17,,TSM
2025-01-16,0.023067873049665337,TSM
2024-10-17,0.08153020598926768,TSM
2024-07-18,0.056682472778363205,TSM
2024-04-18,0.09082791805149062,TSM
2024-01-18,0.04496896702891023,TSM
2023-10-19,0.1014729061362029,TSM
2023-07-20,0.040456555515716475,TSM
2023-04-20,0.07247694158534951,TSM
2023-01-12,0.025133612595695562,TSM
2022-10-13,0.043761111219645654,TSM
2022-07-14,0.10183136387175747,TSM
2022-04-14,0.08974181203028382,TSM
2022-01-13,0.0460158209531161,TSM
2021-10-14,0.05462649436804642,TSM
2021-07-15,-0.0162837812010245,TSM
2021-04-15,0.04536121673003794,TSM
2021-01-14,0.012506592330294612,TSM
2020-10-15,0.049583042353037864,TSM
2020-07-16,0.09356014580801938,TSM
2020-04-16,0.07577782019469369,TSM
2020-01-16,0.05269767441860461,TSM
2019-10-17,0.05364252663294953,TSM
2019-07-18,0.009132420091324174,TSM
2019-04-18,-0.027011588052880654,TSM
2019-01-17,0.0005743225604345421,TSM
2018-10-18,0.03550572296192482,TSM
2018-07-19,0.03525086505190317,TSM
2018-04-18,-0.0065934065934066385,TSM
2018-01-18,0.028772753963593547,TSM
2017-10-19,0.017018259173905353,TSM
2017-07-13,-0.04395937547370017,TSM
2017-04-13,-0.008590256530948297,TSM
2017-01-12,0.06827222879260292,TSM
2016-10-13,0.007119565217391317,TSM
2016-07-14,0.04222909282859517,TSM
2016-04-14,-0.007554296506137872,TSM
2016-01-14,0.04945904173106651,TSM
2015-10-15,0.003222868352834103,TSM
2015-07-16,-0.11785297549591596,TSM
2015-04-10,0.013762693746659508,TSM
2015-01-15,0.06191117092866756,TSM
2014-10-16,0.07801879971077373,TSM
2014-07-16,0.0217551622418878,TSM
2014-04-17,0.0674782608695653,TSM
2025-04-23,,TXN
2025-01-23,0.07794361525704817,TXN
2024-10-22,0.07142857142857133,TXN
2024-07-23,0.05263157894736837,TXN
2024-04-23,0.12676056338028172,TXN
2024-01-23,0.01154107264086891,TXN
2023-10-24,0.014810751508502543,TXN
2023-07-25,0.0637087599544938,TXN
2023-04-25,0.041666666666666706,TXN
2023-01-24,0.08121827411167509,TXN
2022-10-25,0.03563941299790374,TXN
2022-07-26,0.1578449905482042,TXN
2022-04-26,0.0809567617295309,TXN
2022-01-25,0.16529774127310065,TXN
2021-10-26,0.012720156555772896,TXN
2021-07-21,0.12267250821467675,TXN
2021-04-27,0.18805590851334184,TXN
2021-01-26,0.34854151084517576,TXN
2020-10-20,0.13369820172009386,TXN
2020-07-21,0.6972477064220184,TXN
2020-04-21,0.2563323201621074,TXN
2020-01-22,0.1067193675889329,TXN
2019-10-22,0.05151729004940011,TXN
2019-07-23,0.11566858080393766,TXN
2019-04-23,0.1170212765957448,TXN
2019-01-23,0.030844155844155872,TXN
2018-10-23,0.029986962190352046,TXN
2018-07-24,0.07361963190184038,TXN
2018-04-24,0.22727272727272727,TXN
2018-01-23,-0.6866359447004607,TXN
2017-10-24,0.1270125223613595,TXN
2017-07-25,0.08193277310924377,TXN
2017-04-25,0.17149758454106284,TXN
2017-01-24,0.2561576354679802,TXN
2016-10-26,0.13821138211382114,TXN
2016-07-25,0.08965517241379319,TXN
2016-04-27,0.11470113085621964,TXN
2016-01-27,0.15440115440115454,TXN
2015-10-21,0.1275964391691394,TXN
2015-07-22,-0.006116207951070342,TXN
2015-04-22,-0.022435897435897457,TXN
2015-01-26,0.09826589595375732,TXN
2014-10-20,0.06591865357643766,TXN
2014-07-21,0.05442176870748305,TXN
2014-04-23,0.08374384236453195,TXN
2025-04-17,,UNH
2025-01-16,-0.03935012669548359,UNH
2024-10-15,-0.026048375554601457,UNH
2024-07-16,-0.04133858267716531,UNH
2024-04-16,0.008650781605706403,UNH
2024-01-12,-0.023450586264656563,UNH
2023-10-13,-0.012501978161101398,UNH
2023-07-14,-0.022177419354838655,UNH
2023-04-14,-0.018313809602375806,UNH
2023-01-13,-0.027079303675048294,UNH
2022-10-14,0.024552335240908253,UNH
2022-07-15,0.029100019271535903,UNH
2022-04-14,-0.015321375186846176,UNH
2022-01-19,-0.00814901047729922,UNH
2021-10-14,-0.02527897973126845,UNH
2021-07-15,0.00699932264619546,UNH
2021-04-15,0.15454545454545446,UNH
2021-01-20,-0.044850498338870476,UNH
2020-10-14,0.06417284746855847,UNH
2020-07-15,0.31518842786448437,UNH
2020-04-15,-0.03455842018650573,UNH
2020-01-15,-0.02593965060878768,UNH
2019-10-15,-0.020549773151854807,UNH
2019-07-18,-0.008408234270803106,UNH
2019-04-16,-0.010836343428730242,UNH
2019-01-15,-0.03396696790277345,UNH
2018-10-16,-0.015795868772782384,UNH
2018-07-17,-0.01812191103789132,UNH
2018-04-17,-0.008293020041465107,UNH
2018-01-16,-0.029025844930417474,UNH
2017-10-17,-0.022204908453447754,UNH
2017-07-18,-0.024800336275746182,UNH
2017-04-18,0.028123559243891167,UNH
2017-01-17,-0.18475639170284613,UNH
2016-10-18,-0.024038461538461665,UNH
2016-07-19,-0.05352411234764175,UNH
2016-04-19,-0.04413472706155637,UNH
2016-01-19,-0.10853835021707664,UNH
2015-10-15,-0.005487804878048718,UNH
2015-07-16,0.00567823343848588,UNH
2015-04-16,0.08160237388724026,UNH
2015-01-21,0.02066666666666661,UNH
2014-10-16,0.05022831050228323,UNH
2014-07-17,0.07484076433121026,UNH
2014-04-17,-0.017447199265381,UNH
2025-04-29,,UPS
2025-01-30,0.09065716547901825,UPS
2024-10-24,0.19285274183610596,UPS
2024-07-23,-0.10025188916876578,UPS
2024-04-23,0.09846153846153838,UPS
2024-01-30,-0.12080262080262094,UPS
2023-10-26,0.027577150361129375,UPS
2023-08-08,0.017607042817126866,UPS
2023-04-25,0.0018214936247723148,UPS
2023-01-31,0.010053057805082389,UPS
2022-10-25,0.050948699929725935,UPS
2022-07-26,0.04351969504447268,UPS
2022-04-26,0.05972222222222228,UPS
2022-02-01,0.15635074145712455,UPS
2021-10-26,0.06606370428627593,UPS
2021-07-27,0.08424778761061946,UPS
2021-04-27,0.5997693194925029,UPS
2021-02-02,0.2442890442890443,UPS
2020-10-28,0.1989473684210527,UPS
2020-07-30,0.9850606909430438,UPS
2020-04-28,-0.06504065040650413,UPS
2020-01-30,0.014272121788772716,UPS
2019-10-22,0.0024283632831471067,UPS
2019-07-24,0.01765316718587748,UPS
2019-04-25,-0.0197879858657244,UPS
2019-01-31,0.02155625657202952,UPS
2018-10-24,-0.0016510731975783663,UPS
2018-07-25,-0.0031104199066874054,UPS
2018-04-26,0.0051880674448767875,UPS
2018-02-01,-0.002403846153846156,UPS
2017-10-26,-0.004149377593360999,UPS
2017-07-27,0.07629427792915539,UPS
2017-04-27,0.03421461897356146,UPS
2017-01-31,-0.027810650887573923,UPS
2016-10-27,0.0,UPS
2016-07-29,0.0014005602240896372,UPS
2016-04-28,0.13453650533223946,UPS
2016-02-02,0.10578279266572647,UPS
2015-10-27,0.013119533527696643,UPS
2015-07-28,0.06803797468354436,UPS
2015-04-28,0.02564102564102566,UPS
2015-02-03,-0.003999999999999915,UPS
2014-10-24,0.029641185647425922,UPS
2014-07-29,-0.03285256410256404,UPS
2014-04-24,-0.09259259259259267,UPS
2025-04-29,,V
2025-01-30,-0.04357625845229155,V
2024-10-29,0.049205734211546,V
2024-07-23,-0.09023485784919648,V
2024-04-23,0.02214022140221395,V
2024-01-25,0.025170648464163895,V
2023-10-24,0.0316399286987521,V
2023-07-25,0.018009478672985905,V
2023-04-25,0.0447686116700201,V
2023-01-26,0.07934131736526936,V
2022-10-25,0.02786709539121105,V
2022-07-26,0.11808328579577872,V
2022-04-26,-0.03685800604229604,V
2022-01-27,-0.05343511450381677,V
2021-10-26,-0.06351263771872966,V
2021-07-27,-0.013353115727002979,V
2021-04-27,-0.06766325727773395,V
2021-01-28,-0.006264682850430703,V
2020-10-28,-0.08241758241758249,V
2020-07-28,-0.0824442289039767,V
2020-05-01,-0.07566765578635021,V
2020-01-30,-0.10594668489405333,V
2019-10-25,-0.07433380084151464,V
2019-07-23,-0.07099697885196381,V
2019-04-24,-0.048348106365834045,V
2019-01-30,-0.06464485235434954,V
2018-10-24,-0.07101086048454466,V
2018-07-25,-0.003679852805887768,V
2018-04-25,-0.012782694198623306,V
2018-02-01,-0.012207527975584956,V
2017-10-25,-0.037780401416765086,V
2017-07-20,-0.03589108910891092,V
2017-04-20,-0.07594936708860765,V
2017-02-02,-0.010217113665389537,V
2016-10-24,-0.026098901098901124,V
2016-07-21,-0.022488755622188925,V
2016-04-21,-0.08545727136431791,V
2016-01-28,-0.08076358296622621,V
2015-11-02,-0.015797788309636664,V
2015-07-23,0.20376712328767124,V
2015-04-30,0.09455128205128213,V
2015-01-29,-0.28892455858747995,V
2014-10-29,-0.2761904761904762,V
2014-07-24,-0.767175572519084,V
2014-04-24,-0.19082568807339456,V
2025-04-11,0.04939271255060724,WFC
2025-01-15,0.06157270029673587,WFC
2024-10-11,0.10591900311526471,WFC
2024-07-12,0.0318076027928628,WFC
2024-04-12,0.11627906976744186,WFC
2024-01-12,0.21415094339622628,WFC
2023-10-13,0.10614525139664806,WFC
2023-07-14,0.07665805340223941,WFC
2023-04-14,0.08945969884853851,WFC
2023-01-13,-0.43778110944527737,WFC
2022-10-14,-0.20810313075506454,WFC
2022-07-15,-0.06600249066002496,WFC
2022-04-14,0.13732833957553056,WFC
2022-01-14,0.2176015473887813,WFC
2021-10-14,0.2086776859504132,WFC
2021-07-14,0.4036885245901641,WFC
2021-04-14,0.500734214390602,WFC
2021-01-15,0.3483333333333335,WFC
2020-10-14,0.8558758314855874,WFC
2020-07-14,6.709219858156029,WFC
2020-04-14,-1.08364312267658,WFC
2020-01-14,-0.15398550724637683,WFC
2019-10-15,-0.14323374340949027,WFC
2019-07-16,0.015584415584415598,WFC
2019-04-12,-0.07967032967032983,WFC
2019-01-15,-0.06919831223628697,WFC
2018-10-12,-0.09361702127659582,WFC
2018-07-13,-0.06266786034019702,WFC
2018-04-13,-0.1514581373471307,WFC
2018-01-12,-0.4686888454011741,WFC
2017-10-13,0.0399610136452241,WFC
2017-07-14,0.0703666997026761,WFC
2017-04-13,0.06424870466321238,WFC
2017-01-13,-0.045045045045045085,WFC
2016-10-14,0.02385685884691851,WFC
2016-07-15,0.002979145978153043,WFC
2016-04-14,0.017471736896197344,WFC
2016-01-15,-0.02843137254901963,WFC
2015-10-14,0.00864553314121049,WFC
2015-07-14,0.004878048780487918,WFC
2015-04-14,0.06448311156601848,WFC
2015-01-14,0.0039370078740157514,WFC
2014-10-14,0.0,WFC
2014-07-11,0.0009910802775025887,WFC
2025-02-20,0.021671826625387015,WMT
2024-11-19,0.09039548022598856,WMT
2024-08-15,0.02015503875968994,WMT
2024-05-16,0.14285714285714277,WMT
2024-02-20,0.0927272727272726,WMT
2023-11-16,0.03174603174603177,WMT
2023-08-17,0.0830388692579506,WMT
2023-05-18,0.12128146453089243,WMT
2023-02-21,0.12648221343873506,WMT
2022-11-15,-0.6613636363636365,WMT
2022-08-16,0.09057301293900172,WMT
2022-05-17,-0.12170385395537525,WMT
2022-02-17,0.017964071856287442,WMT
2021-11-16,0.03205128205128196,WMT
2021-08-17,0.13601532567049798,WMT
2021-05-18,0.37990196078431365,WMT
2021-02-18,-0.07584830339321352,WMT
2020-11-17,0.1345177664974619,WMT
2020-08-18,0.21927710843373502,WMT
2020-05-19,0.05361930294906171,WMT
2020-02-18,-0.04166666666666659,WMT
2019-11-14,0.07202216066482,WMT
2019-08-15,0.03931203931203935,WMT
2019-05-16,0.11209439528023592,WMT
2019-02-19,0.05381165919282503,WMT
2018-11-15,0.06824925816023727,WMT
2018-08-16,0.051470588235294164,WMT
2018-05-17,0.018766756032171598,WMT
2018-02-20,-0.032751091703056796,WMT
2017-11-16,0.024615384615384636,WMT
2017-08-17,0.011235955056179785,WMT
2017-05-18,0.03738317757009349,WMT
2017-02-21,0.006976744186046518,WMT
2016-11-17,0.02187500000000002,WMT
2016-08-18,0.04999999999999988,WMT
2016-05-19,0.11224489795918378,WMT
2016-02-18,0.0226337448559671,WMT
2015-11-17,0.015384615384615398,WMT
2015-08-18,-0.040000000000000036,WMT
2015-05-19,-0.014367816091953877,WMT
2015-02-19,0.02529182879377434,WMT
2014-11-13,0.026809651474530856,WMT
2014-08-14,-0.029702970297029726,WMT
2014-05-15,-0.04427083333333337,WMT
2025-02-13,0.7287066246056784,WYNN
2024-11-04,-0.04453049370764756,WYNN
2024-08-06,-0.11982378854625551,WYNN
2024-05-07,0.2758620689655171,WYNN
2024-02-07,4.140017286084702,WYNN
2023-11-09,0.9248322147651006,WYNN
2023-08-09,0.2649434571890146,WYNN
2023-05-09,0.09782608695652183,WYNN
2023-02-08,-0.17787234042553196,WYNN
2022-11-09,0.02833333333333336,WYNN
2022-08-09,-0.15166340508806264,WYNN
2022-05-10,0.032500000000000126,WYNN
2022-02-15,0.052969502407704705,WYNN
2021-11-09,-0.022692889561270822,WYNN
2021-08-04,-0.2720779220779221,WYNN
2021-05-10,0.2338111715274344,WYNN
2021-02-04,-0.04494382022471914,WYNN
2020-11-05,1.0373371924746742,WYNN
2020-08-04,0.18478040882412472,WYNN
2020-05-06,0.7324019344438475,WYNN
2020-02-06,-1.7447744774477447,WYNN
2019-11-06,-0.8170878459687123,WYNN
2019-08-06,-0.31937544357700504,WYNN
2019-05-09,-0.3562855337965888,WYNN
2019-01-30,-0.32498101746393315,WYNN
2018-11-07,-0.016196760647870508,WYNN
2018-08-01,-0.22419186652763293,WYNN
2018-04-24,-0.15907928388746811,WYNN
2018-01-22,-0.0007220216606499003,WYNN
2017-10-26,-0.16609235010337706,WYNN
2017-07-25,-0.1421276595744681,WYNN
2017-04-25,0.05204081632653055,WYNN
2017-01-26,0.6706730769230769,WYNN
2016-11-02,-0.020689655172413814,WYNN
2016-07-28,0.2892307692307692,WYNN
2016-05-05,0.3333333333333333,WYNN
2016-02-11,0.40237467018469647,WYNN
2015-10-15,0.19474313022700124,WYNN
2015-07-29,-0.22812499999999997,WYNN
2015-04-28,-0.4137931034482759,WYNN
2015-02-03,-0.1544428772919604,WYNN
2014-10-28,0.07178082191780823,WYNN
2014-07-29,0.04146100691016786,WYNN
2014-05-01,0.12046444121915803,WYNN
2025-05-02,,XOM
2025-01-31,0.08914728682170536,XOM
2024-11-01,0.02893890675241148,XOM
2024-08-02,0.056268509378085065,XOM
2024-04-26,-0.06064751481988144,XOM
2024-02-02,0.12138989169675075,XOM
2023-10-27,-0.0415254237288135,XOM
2023-07-28,-0.030984507746126856,XOM
2023-04-28,0.07517084282460135,XOM
2023-01-31,0.02663438256658598,XOM
2022-10-28,0.14204983303365012,XOM
2022-07-29,0.04125786163522016,XOM
2022-04-29,-0.07891217119928669,XOM
2022-02-01,0.0362882322446864,XOM
2021-10-29,0.007055805003207262,XOM
2021-07-30,0.13168724279835403,XOM
2021-04-30,0.059016393442623,XOM
2021-02-02,-7.588235294117647,XOM
2020-10-30,-0.41960784313725497,XOM
2020-07-31,-0.5289855072463768,XOM
2020-05-01,-36.0,XOM
2020-01-31,0.06928406466512708,XOM
2019-11-01,0.12275449101796401,XOM
2019-08-02,0.10773899848254924,XOM
2019-04-26,-0.2318435754189943,XOM
2019-02-01,0.3898148148148146,XOM
2018-11-02,0.19476268412438624,XOM
2018-07-27,-0.2709984152139461,XOM
2018-04-27,-0.011786038077969085,XOM
2018-02-02,-0.15145631067961168,XOM
2017-10-27,0.06896551724137938,XOM
2017-07-28,-0.07473309608540919,XOM
2017-04-28,0.10465116279069764,XOM
2017-01-31,0.2982954545454547,XOM
2016-10-28,0.07876712328767131,XOM
2016-07-29,-0.3563579277864993,XOM
2016-04-29,0.49305555555555564,XOM
2016-02-02,0.05015673981191227,XOM
2015-10-30,0.1399548532731377,XOM
2015-07-31,-0.10152740341419586,XOM
2015-04-30,0.41133896260554886,XOM
2015-02-02,0.11127707244212101,XOM
2014-10-31,0.1065573770491803,XOM
2014-07-31,0.10096670247046172,XOM
2014-05-01,0.11880660628662765,XOM
